Run,Collection_date,Year,Isolate,Location,Isolation_source,amikacin,ciprofloxacin,ceftazidime,meropenem
SRR30762255,2005,2005,PDT002391512.1,Tunisia: Sfax,blood,1.0,1.0,1.0,1.0
SRR30762243,2009,2009,PDT002391500.1,Tunisia: Sfax,blood,1.0,1.0,1.0,0.0
SRR30762254,2009,2009,PDT002391511.1,Tunisia: Sfax,blood,1.0,1.0,1.0,0.0
SRR30762177,2010,2010,PDT002391434.1,Tunisia: Sfax,blood,1.0,1.0,1.0,0.0
SRR30762188,2010,2010,PDT002391445.1,Tunisia: Sfax,blood,0.0,1.0,1.0,0.0
SRR30762210,2010,2010,PDT002391467.1,Tunisia: Sfax,blood,0.0,,1.0,0.0
SRR30762221,2010,2010,PDT002391478.1,Tunisia: Sfax,blood,1.0,,,0.0
SRR30762232,2010,2010,PDT002391489.1,Tunisia: Sfax,blood,1.0,1.0,1.0,0.0
SRR30762166,2011,2011,PDT002391423.1,Tunisia: Sfax,blood,0.0,1.0,1.0,0.0
SRR30762251,2011,2011,PDT002391508.1,Tunisia: Sfax,blood,0.0,1.0,1.0,0.0
SRR30762252,2011,2011,PDT002391509.1,Tunisia: Sfax,blood,1.0,1.0,1.0,1.0
SRR30762253,2011,2011,PDT002391510.1,Tunisia: Sfax,blood,0.0,1.0,1.0,1.0
SRR2134680,2012,2012,PDT000077414.3,USA:Boston,urine,1.0,1.0,1.0,0.0
SRR3185093,2012,2012,PDT000111516.2,Honduras,respiratory,1.0,1.0,1.0,
SRR30762246,2012,2012,PDT002391503.1,Tunisia: Sfax,blood,0.0,1.0,1.0,0.0
SRR30762247,2012,2012,PDT002391504.1,Tunisia: Sfax,blood,0.0,0.0,1.0,0.0
SRR30762248,2012,2012,PDT002391505.1,Tunisia: Sfax,blood,0.0,1.0,1.0,1.0
SRR30762249,2012,2012,PDT002391506.1,Tunisia: Sfax,blood,0.0,1.0,1.0,1.0
SRR30762250,2012,2012,PDT002391507.1,Tunisia: Sfax,blood,0.0,1.0,1.0,0.0
SRR5082458,2013,2013,PDT000881524.1,Australia: Melbourne,urine,,,0.0,
SRR5082468,2013,2013,PDT000881533.1,Australia: Melbourne,rectal swab,,,0.0,
SRR30762236,2013,2013,PDT002391493.1,Tunisia: Sfax,blood,0.0,0.0,0.0,0.0
SRR30762237,2013,2013,PDT002391494.1,Tunisia: Sfax,blood,1.0,0.0,0.0,0.0
SRR30762238,2013,2013,PDT002391495.1,Tunisia: Sfax,blood,0.0,1.0,1.0,0.0
SRR30762239,2013,2013,PDT002391496.1,Tunisia: Sfax,blood,0.0,1.0,1.0,1.0
SRR30762240,2013,2013,PDT002391497.1,Tunisia: Sfax,blood,0.0,0.0,0.0,0.0
SRR30762241,2013,2013,PDT002391498.1,Tunisia: Sfax,blood,0.0,1.0,1.0,0.0
SRR30762242,2013,2013,PDT002391499.1,Tunisia: Sfax,blood,0.0,1.0,1.0,1.0
SRR30762244,2013,2013,PDT002391501.1,Tunisia: Sfax,blood,1.0,,1.0,0.0
SRR30762245,2013,2013,PDT002391502.1,Tunisia: Sfax,blood,0.0,1.0,1.0,1.0
SRR5082445,2014,2014,PDT000881515.1,Australia: Melbourne,urine,,,0.0,
SRR5082447,2014,2014,PDT000881516.1,Australia: Melbourne,sputum,,,0.0,
SRR5082453,2014,2014,PDT000881521.1,Australia: Melbourne,wound,,,0.0,
SRR5082461,2014,2014,PDT000881527.1,Australia: Melbourne,sputum,,,0.0,
SRR30762226,2014,2014,PDT002391483.1,Tunisia: Sfax,blood,1.0,1.0,1.0,1.0
SRR30762227,2014,2014,PDT002391484.1,Tunisia: Sfax,blood,0.0,1.0,1.0,0.0
SRR30762228,2014,2014,PDT002391485.1,Tunisia: Sfax,blood,0.0,1.0,1.0,
SRR30762229,2014,2014,PDT002391486.1,Tunisia: Sfax,blood,0.0,1.0,1.0,1.0
SRR30762230,2014,2014,PDT002391487.1,Tunisia: Sfax,blood,0.0,1.0,1.0,0.0
SRR30762231,2014,2014,PDT002391488.1,Tunisia: Sfax,blood,0.0,0.0,1.0,0.0
SRR30762233,2014,2014,PDT002391490.1,Tunisia: Sfax,blood,1.0,1.0,1.0,
SRR30762234,2014,2014,PDT002391491.1,Tunisia: Sfax,blood,1.0,1.0,1.0,1.0
SRR30762235,2014,2014,PDT002391492.1,Tunisia: Sfax,blood,0.0,1.0,1.0,0.0
SRR2134674,2015,2015,PDT000077408.3,USA:Boston,ulcer,1.0,1.0,1.0,1.0
SRR2134679,2015,2015,PDT000077413.3,USA:Boston,wound,1.0,1.0,1.0,1.0
SRR2449251,2015,2015,PDT000084303.3,USA:Boston,urine,0.0,1.0,1.0,
SRR2449299,2015,2015,PDT000084306.3,USA:Boston,sputum,0.0,1.0,1.0,1.0
SRR2449365,2015,2015,PDT000084309.3,USA:Boston,rectal,1.0,1.0,1.0,1.0
SRR3057129,2015,2015,PDT000101134.2,USA:Boston,trachael aspirate,0.0,0.0,1.0,1.0
SRR3057130,2015,2015,PDT000101135.2,USA:Boston,trachael aspirate,0.0,0.0,0.0,0.0
SRR3095383,2015,2015,PDT000102016.2,USA:Boston,urine,0.0,0.0,1.0,
SRR3168635,2015,2015,PDT000107928.2,USA:Boston,urine,0.0,0.0,0.0,0.0
SRR3168636,2015,2015,PDT000107929.2,USA:Boston,urine,0.0,0.0,0.0,0.0
SRR3168637,2015,2015,PDT000107930.2,USA:Boston,abdominal,0.0,0.0,0.0,0.0
SRR26887353,2015,2015,PDT001992399.1,"Canada: Hamilton, Ontario",Not collected,,,0.0,
SRR26887386,2015,2015,PDT001992432.1,"Canada: Hamilton, Ontario",Not collected,,,0.0,
SRR26887393,2015,2015,PDT001992439.1,"Canada: Hamilton, Ontario",Not collected,,,0.0,
SRR26887395,2015,2015,PDT001992441.1,"Canada: Hamilton, Ontario",Not collected,,,0.0,
SRR26887419,2015,2015,PDT001992465.1,"Canada: Hamilton, Ontario",Not collected,,,0.0,
SRR26887430,2015,2015,PDT001992476.1,"Canada: Hamilton, Ontario",Not collected,,,0.0,
SRR26887441,2015,2015,PDT001992487.1,"Canada: Hamilton, Ontario",Not collected,,,0.0,
SRR26887452,2015,2015,PDT001992498.1,"Canada: Hamilton, Ontario",Not collected,,,0.0,
SRR26887520,2015,2015,PDT001992565.1,"Canada: Hamilton, Ontario",Not collected,,,0.0,
SRR26887534,2015,2015,PDT001992579.1,"Canada: Hamilton, Ontario",Not collected,,,0.0,
SRR26887548,2015,2015,PDT001992593.1,"Canada: Hamilton, Ontario",Not collected,,,0.0,
SRR26887551,2015,2015,PDT001992596.1,"Canada: Hamilton, Ontario",Not collected,,,0.0,
SRR26887558,2015,2015,PDT001992603.1,"Canada: Hamilton, Ontario",Not collected,,,0.0,
SRR26887629,2015,2015,PDT001992673.1,"Canada: Hamilton, Ontario",Not collected,,,0.0,
SRR26887630,2015,2015,PDT001992674.1,"Canada: Hamilton, Ontario",Not collected,,,0.0,
SRR26887652,2015,2015,PDT001992696.1,"Canada: Hamilton, Ontario",Not collected,,,0.0,
SRR26887663,2015,2015,PDT001992707.1,"Canada: Hamilton, Ontario",Not collected,,,0.0,
SRR26887665,2015,2015,PDT001992709.1,"Canada: Hamilton, Ontario",Not collected,,,0.0,
SRR26887666,2015,2015,PDT001992710.1,"Canada: Hamilton, Ontario",Not collected,,,0.0,
SRR26887674,2015,2015,PDT001992718.1,"Canada: Hamilton, Ontario",Not collected,,,0.0,
SRR26887694,2015,2015,PDT001992738.1,"Canada: Hamilton, Ontario",Not collected,,,0.0,
SRR30762215,2015,2015,PDT002391472.1,Tunisia: Sfax,blood,0.0,1.0,1.0,0.0
SRR30762216,2015,2015,PDT002391473.1,Tunisia: Sfax,blood,1.0,1.0,1.0,
SRR30762217,2015,2015,PDT002391474.1,Tunisia: Sfax,blood,1.0,1.0,1.0,1.0
SRR30762218,2015,2015,PDT002391475.1,Tunisia: Sfax,blood,0.0,1.0,1.0,
SRR30762219,2015,2015,PDT002391476.1,Tunisia: Sfax,blood,0.0,1.0,1.0,
SRR30762220,2015,2015,PDT002391477.1,Tunisia: Sfax,blood,0.0,1.0,1.0,
SRR30762222,2015,2015,PDT002391479.1,Tunisia: Sfax,blood,1.0,1.0,1.0,0.0
SRR30762223,2015,2015,PDT002391480.1,Tunisia: Sfax,blood,0.0,1.0,1.0,
SRR30762224,2015,2015,PDT002391481.1,Tunisia: Sfax,blood,1.0,1.0,1.0,1.0
SRR30762225,2015,2015,PDT002391482.1,Tunisia: Sfax,blood,1.0,1.0,1.0,1.0
SRR4019406,2016,2016,PDT000144515.2,USA:Boston,urine,0.0,0.0,1.0,0.0
SRR4245474,2016,2016,PDT000149556.2,USA:Boston,bile,0.0,1.0,1.0,0.0
SRR4245485,2016,2016,PDT000149567.2,USA:Boston,urine,0.0,1.0,1.0,
SRR4294843,2016,2016,PDT000150952.2,USA:Boston,urine,0.0,1.0,1.0,0.0
SRR4294848,2016,2016,PDT000150957.2,USA:Boston,sputum,0.0,0.0,1.0,0.0
SRR5120227,2016,2016,PDT000173729.2,USA:Boston,urine,0.0,1.0,1.0,0.0
SRR5120229,2016,2016,PDT000173731.3,USA:Boston,bile,0.0,1.0,0.0,0.0
SRR5237403,2016,2016,PDT000186892.2,USA:Boston,urine,0.0,0.0,,0.0
SRR5341976,2016,2016,PDT000198415.3,USA:Boston,urine,0.0,1.0,1.0,1.0
SRR5341977,2016,2016,PDT000198416.2,USA:Boston,urine,0.0,1.0,1.0,1.0
SRR5341978,2016,2016,PDT000198417.3,USA:Boston,sputum,0.0,,0.0,0.0
SRR5420072,2016,2016,PDT000200514.3,USA:Boston,urine,1.0,1.0,1.0,0.0
SRR5420073,2016,2016,PDT000200515.3,USA:Boston,urine,0.0,0.0,0.0,0.0
SRR5445912,2016,2016,PDT000201870.2,USA:Boston,urine,0.0,1.0,1.0,0.0
SRR5445913,2016,2016,PDT000201871.2,USA:Boston,urine,0.0,1.0,1.0,0.0
SRR5445915,2016,2016,PDT000201872.2,USA:Boston,urine,0.0,1.0,1.0,0.0
SRR5445924,2016,2016,PDT000201878.2,USA:Boston,bronchial washings,0.0,1.0,1.0,0.0
SRR5806868,2016,2016,PDT000222827.2,USA:Boston,sputum,0.0,0.0,1.0,0.0
SRR5806869,2016,2016,PDT000222828.2,USA:Boston,urine,0.0,,1.0,0.0
SRR5806870,2016,2016,PDT000222829.2,USA:Boston,urine,0.0,0.0,1.0,0.0
SRR5806871,2016,2016,PDT000222830.2,USA:Boston,urine,0.0,1.0,1.0,0.0
SRR26887354,2016,2016,PDT001992400.1,"Canada: Hamilton, Ontario",Not collected,,,0.0,
SRR26887361,2016,2016,PDT001992407.1,"Canada: Hamilton, Ontario",Not collected,,,0.0,
SRR26887370,2016,2016,PDT001992416.1,"Canada: Hamilton, Ontario",Not collected,,,0.0,
SRR26887378,2016,2016,PDT001992424.1,"Canada: Hamilton, Ontario",Not collected,,,0.0,
SRR26887398,2016,2016,PDT001992444.1,"Canada: Hamilton, Ontario",Not collected,,,0.0,
SRR26887409,2016,2016,PDT001992455.1,"Canada: Hamilton, Ontario",Not collected,,,0.0,
SRR26887414,2016,2016,PDT001992460.1,"Canada: Hamilton, Ontario",Not collected,,,0.0,
SRR26887415,2016,2016,PDT001992461.1,"Canada: Hamilton, Ontario",Not collected,,,0.0,
SRR26887416,2016,2016,PDT001992462.1,"Canada: Hamilton, Ontario",Not collected,,,0.0,
SRR26887475,2016,2016,PDT001992521.1,"Canada: Hamilton, Ontario",Not collected,,,0.0,
SRR26887478,2016,2016,PDT001992524.1,"Canada: Hamilton, Ontario",Not collected,,,0.0,
SRR26887480,2016,2016,PDT001992526.1,"Canada: Hamilton, Ontario",Not collected,,,0.0,
SRR26887484,2016,2016,PDT001992530.1,"Canada: Hamilton, Ontario",Not collected,,,0.0,
SRR26887485,2016,2016,PDT001992531.1,"Canada: Hamilton, Ontario",Not collected,,,0.0,
SRR26887487,2016,2016,PDT001992533.1,"Canada: Hamilton, Ontario",Not collected,,,0.0,
SRR26887493,2016,2016,PDT001992539.1,"Canada: Hamilton, Ontario",Not collected,,,0.0,
SRR26887497,2016,2016,PDT001992543.1,"Canada: Hamilton, Ontario",Not collected,,,0.0,
SRR26887498,2016,2016,PDT001992544.1,"Canada: Hamilton, Ontario",Not collected,,,0.0,
SRR26887506,2016,2016,PDT001992552.1,"Canada: Hamilton, Ontario",Not collected,,,0.0,
SRR26887507,2016,2016,PDT001992553.1,"Canada: Hamilton, Ontario",Not collected,,,0.0,
SRR26887515,2016,2016,PDT001992561.1,"Canada: Hamilton, Ontario",Not collected,,,0.0,
SRR26887725,2016,2016,PDT001992768.1,"Canada: Hamilton, Ontario",Not collected,,,0.0,
SRR30762206,2016,2016,PDT002391463.1,Tunisia: Sfax,blood,0.0,1.0,1.0,1.0
SRR30762207,2016,2016,PDT002391464.1,Tunisia: Sfax,blood,1.0,1.0,1.0,
SRR30762208,2016,2016,PDT002391465.1,Tunisia: Sfax,blood,1.0,1.0,1.0,1.0
SRR30762209,2016,2016,PDT002391466.1,Tunisia: Sfax,blood,0.0,1.0,1.0,1.0
SRR30762211,2016,2016,PDT002391468.1,Tunisia: Sfax,blood,1.0,1.0,1.0,1.0
SRR30762212,2016,2016,PDT002391469.1,Tunisia: Sfax,blood,1.0,1.0,1.0,1.0
SRR30762213,2016,2016,PDT002391470.1,Tunisia: Sfax,blood,0.0,1.0,1.0,1.0
SRR30762214,2016,2016,PDT002391471.1,Tunisia: Sfax,blood,0.0,1.0,1.0,1.0
SRR5420060,2017,2017,PDT000200502.3,USA:Boston,ulcer,0.0,1.0,1.0,1.0
SRR5420062,2017,2017,PDT000200504.2,USA:Boston,sputum,0.0,0.0,1.0,0.0
SRR5420063,2017,2017,PDT000200505.3,USA:Boston,sputum,1.0,1.0,1.0,0.0
SRR5806877,2017,2017,PDT000222836.2,USA:Boston,sputum,0.0,1.0,1.0,1.0
SRR5806881,2017,2017,PDT000222839.2,USA:Boston,urine,1.0,1.0,1.0,
SRR5806882,2017,2017,PDT000222840.2,USA:Boston,sputum,0.0,0.0,0.0,1.0
SRR5810501,2017,2017,PDT000223019.2,USA:Boston,urine,0.0,1.0,1.0,0.0
SRR5810502,2017,2017,PDT000223020.2,USA:Boston,sputum,0.0,0.0,1.0,0.0
SRR5810503,2017,2017,PDT000223021.2,USA:Boston,urine,0.0,0.0,0.0,0.0
SRR5810509,2017,2017,PDT000223025.2,USA:Boston,urine,0.0,1.0,1.0,0.0
SRR5810506,2017,2017,PDT000223030.2,USA:Boston,wound,0.0,1.0,1.0,0.0
SRR5862473,2017,2017,PDT000226503.2,USA:Boston,tracheal aspirate,,0.0,1.0,0.0
SRR5862474,2017,2017,PDT000226504.2,USA:Boston,bronchial alveolar lavage,0.0,,1.0,1.0
SRR5862477,2017,2017,PDT000226507.2,USA:Boston,sputum,0.0,1.0,1.0,1.0
SRR5862478,2017,2017,PDT000226508.2,USA:Boston,rectal,0.0,1.0,1.0,1.0
SRR5901127,2017,2017,PDT000231448.2,USA:Boston,rectal,1.0,1.0,1.0,1.0
SRR5901128,2017,2017,PDT000231449.2,USA:Boston,rectal,1.0,1.0,1.0,1.0
SRR6310474,2017,2017,PDT000265737.3,USA:Boston,urine,1.0,1.0,1.0,1.0
SRR6310475,2017,2017,PDT000265872.3,USA:Boston,urine,1.0,1.0,1.0,0.0
SRR30762198,2017,2017,PDT002391455.1,Tunisia: Sfax,blood,1.0,1.0,1.0,1.0
SRR30762200,2017,2017,PDT002391457.1,Tunisia: Sfax,blood,0.0,1.0,1.0,1.0
SRR30762201,2017,2017,PDT002391458.1,Tunisia: Sfax,blood,0.0,1.0,1.0,1.0
SRR30762202,2017,2017,PDT002391459.1,Tunisia: Sfax,blood,1.0,1.0,1.0,1.0
SRR30762203,2017,2017,PDT002391460.1,Tunisia: Sfax,blood,0.0,1.0,1.0,
SRR30762204,2017,2017,PDT002391461.1,Tunisia: Sfax,blood,0.0,1.0,1.0,1.0
SRR30762205,2017,2017,PDT002391462.1,Tunisia: Sfax,blood,0.0,1.0,1.0,1.0
SRR14673412,2018,2018,PDT001049065.1,Australia,Rectal Swab,,,0.0,
SRR14673418,2018,2018,PDT001049071.1,Australia,Rectal Swab,,,1.0,
SRR15097886,2018,2018,PDT001087215.1,Australia,,,,0.0,
SRR15097897,2018,2018,PDT001087226.1,Australia,swab,,,0.0,
SRR15097910,2018,2018,PDT001087239.1,Australia,urine,,,1.0,
SRR15097974,2018,2018,PDT001087303.1,Australia,urine,,,0.0,
SRR15097981,2018,2018,PDT001087310.1,Australia,Blood (whole),,,1.0,
SRR24102312,2018,2018,PDT001682681.1,USA,urine,1.0,,1.0,1.0
SRR30762190,2018,2018,PDT002391447.1,Tunisia: Sfax,blood,1.0,1.0,1.0,1.0
SRR30762191,2018,2018,PDT002391448.1,Tunisia: Sfax,blood,0.0,1.0,1.0,
SRR30762192,2018,2018,PDT002391449.1,Tunisia: Sfax,blood,1.0,1.0,1.0,1.0
SRR30762193,2018,2018,PDT002391450.1,Tunisia: Sfax,blood,1.0,1.0,1.0,1.0
SRR30762194,2018,2018,PDT002391451.1,Tunisia: Sfax,blood,1.0,1.0,1.0,
SRR30762195,2018,2018,PDT002391452.1,Tunisia: Sfax,blood,0.0,1.0,1.0,1.0
SRR30762196,2018,2018,PDT002391453.1,Tunisia: Sfax,blood,0.0,1.0,1.0,1.0
SRR30762197,2018,2018,PDT002391454.1,Tunisia: Sfax,blood,0.0,,1.0,1.0
SRR15098047,2019,2019,PDT001087376.1,Australia,urine,,,1.0,
SRR15098048,2019,2019,PDT001087377.1,Australia,Fluid,,,1.0,
SRR15098054,2019,2019,PDT001087383.1,Australia,swab,,,1.0,
SRR15098059,2019,2019,PDT001087388.1,Australia,urine,,,0.0,
SRR15098099,2019,2019,PDT001087428.1,Australia,"Urine, mid stream",,,0.0,
SRR15098109,2019,2019,PDT001087438.1,Australia,urine,,,0.0,
SRR15098122,2019,2019,PDT001087451.1,Australia,urine,,,1.0,
SRR15098123,2019,2019,PDT001087452.1,Australia,urine,,,1.0,
SRR15098147,2019,2019,PDT001087476.1,Australia,swab,,,0.0,
SRR19372350,2019,2019,PDT001347392.1,Norway,Caecal,,,0.0,
SRR19372351,2019,2019,PDT001347393.1,Norway,Caecal,,,0.0,
SRR19372353,2019,2019,PDT001347395.1,Norway,Caecal,,,0.0,
SRR19372354,2019,2019,PDT001347396.1,Norway,Caecal,,,0.0,
SRR19372355,2019,2019,PDT001347397.1,Norway,Caecal,,,0.0,
SRR19372356,2019,2019,PDT001347398.1,Norway,Caecal,,,0.0,
SRR19372361,2019,2019,PDT001347403.1,Norway,Caecal,,,0.0,
SRR19372363,2019,2019,PDT001347405.1,Norway,Caecal,,,0.0,
SRR19372364,2019,2019,PDT001347406.1,Norway,Caecal,,,0.0,
SRR19372365,2019,2019,PDT001347407.1,Norway,Caecal,,,0.0,
SRR19372368,2019,2019,PDT001347410.1,Norway,Caecal,,,0.0,
SRR19372369,2019,2019,PDT001347411.1,Norway,Caecal,,,0.0,
SRR19372370,2019,2019,PDT001347412.1,Norway,Caecal,,,0.0,
SRR19372371,2019,2019,PDT001347413.1,Norway,Caecal,,,0.0,
SRR19372374,2019,2019,PDT001347416.1,Norway,Caecal,,,0.0,
SRR19372375,2019,2019,PDT001347417.1,Norway,Caecal,,,0.0,
SRR19372376,2019,2019,PDT001347418.1,Norway,Caecal,,,0.0,
SRR19372378,2019,2019,PDT001347420.1,Norway,Caecal,,,0.0,
SRR19372380,2019,2019,PDT001347422.1,Norway,Caecal,,,0.0,
SRR19372381,2019,2019,PDT001347423.1,Norway,Caecal,,,0.0,
SRR19372382,2019,2019,PDT001347424.1,Norway,Caecal,,,0.0,
SRR19372383,2019,2019,PDT001347425.1,Norway,Caecal,,,0.0,
SRR19372384,2019,2019,PDT001347426.1,Norway,Caecal,,,0.0,
SRR19372385,2019,2019,PDT001347427.1,Norway,Caecal,,,0.0,
SRR19372388,2019,2019,PDT001347429.1,Norway,Caecal,,,0.0,
SRR19372390,2019,2019,PDT001347431.1,Norway,Caecal,,,0.0,
SRR19372391,2019,2019,PDT001347432.1,Norway,Caecal,,,0.0,
SRR19372394,2019,2019,PDT001347435.1,Norway,Caecal,,,0.0,
SRR19372395,2019,2019,PDT001347436.1,Norway,Caecal,,,0.0,
SRR19372397,2019,2019,PDT001347438.1,Norway,Caecal,,,0.0,
SRR19372399,2019,2019,PDT001347440.1,Norway,Caecal,,,0.0,
SRR19372402,2019,2019,PDT001347443.1,Norway,Caecal,,,0.0,
SRR19372404,2019,2019,PDT001347445.1,Norway,Caecal,,,0.0,
SRR19372405,2019,2019,PDT001347446.1,Norway,Caecal,,,0.0,
SRR19372408,2019,2019,PDT001347449.1,Norway,Caecal,,,0.0,
SRR19372409,2019,2019,PDT001347450.1,Norway,Caecal,,,0.0,
SRR19372410,2019,2019,PDT001347451.1,Norway,Caecal,,,0.0,
SRR19372411,2019,2019,PDT001347452.1,Norway,Caecal,,,0.0,
SRR19372413,2019,2019,PDT001347454.1,Norway,Caecal,,,0.0,
SRR19372415,2019,2019,PDT001347456.1,Norway,Caecal,,,0.0,
SRR19372433,2019,2019,PDT001347471.1,Norway,Caecal,,,0.0,
SRR19372434,2019,2019,PDT001347472.1,Norway,Caecal,,,0.0,
SRR19372435,2019,2019,PDT001347473.1,Norway,Caecal,,,0.0,
SRR19372436,2019,2019,PDT001347474.1,Norway,Caecal,,,0.0,
SRR19372439,2019,2019,PDT001347477.1,Norway,Caecal,,,0.0,
SRR19372440,2019,2019,PDT001347478.1,Norway,Caecal,,,0.0,
SRR19372442,2019,2019,PDT001347480.1,Norway,Caecal,,,0.0,
SRR19372443,2019,2019,PDT001347481.1,Norway,Caecal,,,0.0,
SRR19372444,2019,2019,PDT001347482.1,Norway,Caecal,,,0.0,
SRR19372445,2019,2019,PDT001347483.1,Norway,Caecal,,,0.0,
SRR19372450,2019,2019,PDT001347488.1,Norway,Caecal,,,0.0,
SRR19372451,2019,2019,PDT001347489.1,Norway,Caecal,,,0.0,
SRR19372452,2019,2019,PDT001347490.1,Norway,Caecal,,,0.0,
SRR19372457,2019,2019,PDT001347495.1,Norway,Caecal,,,0.0,
SRR19372458,2019,2019,PDT001347496.1,Norway,Caecal,,,0.0,
SRR19372459,2019,2019,PDT001347497.1,Norway,Caecal,,,0.0,
SRR19372460,2019,2019,PDT001347498.1,Norway,Caecal,,,0.0,
SRR19372462,2019,2019,PDT001347500.1,Norway,Caecal,,,0.0,
SRR19372463,2019,2019,PDT001347501.1,Norway,Caecal,,,0.0,
SRR19372464,2019,2019,PDT001347502.1,Norway,Caecal,,,0.0,
SRR19372465,2019,2019,PDT001347503.1,Norway,Caecal,,,0.0,
SRR19372468,2019,2019,PDT001347506.1,Norway,Caecal,,,0.0,
SRR19372469,2019,2019,PDT001347507.1,Norway,Caecal,,,0.0,
SRR19372472,2019,2019,PDT001347510.1,Norway,Caecal,,,0.0,
SRR19372476,2019,2019,PDT001347514.1,Norway,Caecal,,,0.0,
SRR19372477,2019,2019,PDT001347515.1,Norway,Caecal,,,0.0,
SRR19372479,2019,2019,PDT001347517.1,Norway,Caecal,,,0.0,
SRR19372482,2019,2019,PDT001347520.1,Norway,Caecal,,,0.0,
SRR19372484,2019,2019,PDT001347522.1,Norway,Caecal,,,0.0,
SRR19372485,2019,2019,PDT001347523.1,Norway,Caecal,,,0.0,
SRR19372486,2019,2019,PDT001347524.1,Norway,Caecal,,,0.0,
SRR19372488,2019,2019,PDT001347526.1,Norway,Caecal,,,0.0,
SRR19372489,2019,2019,PDT001347527.1,Norway,Caecal,,,0.0,
SRR19372491,2019,2019,PDT001347529.1,Norway,Caecal,,,0.0,
SRR19372496,2019,2019,PDT001347534.1,Norway,Caecal,,,0.0,
SRR19372499,2019,2019,PDT001347537.1,Norway,Caecal,,,0.0,
SRR30762184,2019,2019,PDT002391441.1,Tunisia: Sfax,blood,0.0,1.0,1.0,1.0
SRR30762185,2019,2019,PDT002391442.1,Tunisia: Sfax,blood,0.0,1.0,1.0,1.0
SRR30762186,2019,2019,PDT002391443.1,Tunisia: Sfax,blood,1.0,1.0,1.0,1.0
SRR30762187,2019,2019,PDT002391444.1,Tunisia: Sfax,blood,0.0,1.0,1.0,1.0
SRR30762189,2019,2019,PDT002391446.1,Tunisia: Sfax,blood,1.0,1.0,1.0,1.0
SRR18208849,2020,2020,PDT001289179.1,Australia: Melbourne,urine,,,0.0,
SRR18208850,2020,2020,PDT001289180.1,Australia: Melbourne,urine,,,0.0,
SRR18208853,2020,2020,PDT001289183.1,Australia: Melbourne,Urine - MSU,,,1.0,
SRR18208854,2020,2020,PDT001289184.1,Australia: Melbourne,Urine - MSU,,,0.0,
SRR18208858,2020,2020,PDT001289188.1,Australia: Melbourne,Urine - Bag,,,0.0,
SRR18208861,2020,2020,PDT001289191.1,Australia: Melbourne,Blood Peripheral,,,1.0,
SRR18208883,2020,2020,PDT001289210.1,Australia: Melbourne,Endotrachial Tube,,,0.0,
SRR18208894,2020,2020,PDT001289221.1,Australia: Melbourne,urine,,,0.0,
SRR18208904,2020,2020,PDT001289231.1,Australia: Melbourne,urine,,,0.0,
SRR18208905,2020,2020,PDT001289232.1,Australia: Melbourne,Urine - Catheter,,,0.0,
SRR18208906,2020,2020,PDT001289233.1,Australia: Melbourne,urine,,,0.0,
SRR18208907,2020,2020,PDT001289234.1,Australia: Melbourne,Urine - MSU,,,0.0,
SRR18208910,2020,2020,PDT001289237.1,Australia: Melbourne,Burn,,,0.0,
SRR18208911,2020,2020,PDT001289238.1,Australia: Melbourne,Endotrachial Tube,,,0.0,
SRR18208914,2020,2020,PDT001289241.1,Australia: Melbourne,Endotrachial Tube,,,0.0,
SRR18208916,2020,2020,PDT001289243.1,Australia: Melbourne,blood,,,0.0,
SRR18208918,2020,2020,PDT001289245.1,Australia: Melbourne,swab,,,0.0,
SRR18208922,2020,2020,PDT001289249.1,Australia: Melbourne,urine,,,0.0,
SRR18208924,2020,2020,PDT001289251.1,Australia: Melbourne,Blood Peripheral,,,0.0,
SRR18208925,2020,2020,PDT001289252.1,Australia: Melbourne,Urine - MSU,,,0.0,
SRR18208927,2020,2020,PDT001289254.1,Australia: Melbourne,urine,,,0.0,
SRR18208929,2020,2020,PDT001289256.1,Australia: Melbourne,Urine - Catheter,,,0.0,
SRR18208930,2020,2020,PDT001289257.1,Australia: Melbourne,urine,,,0.0,
SRR18208932,2020,2020,PDT001289259.1,Australia: Melbourne,Donor Site,,,0.0,
SRR18208933,2020,2020,PDT001289260.1,Australia: Melbourne,urine,,,0.0,
SRR18208940,2020,2020,PDT001289267.1,Australia: Melbourne,Urine - MSU,,,0.0,
SRR18208941,2020,2020,PDT001289268.1,Australia: Melbourne,other,,,0.0,
SRR18208945,2020,2020,PDT001289272.1,Australia: Melbourne,urine,,,0.0,
SRR18208946,2020,2020,PDT001289273.1,Australia: Melbourne,urine,,,0.0,
SRR18208950,2020,2020,PDT001289276.1,Australia: Melbourne,urine,,,0.0,
SRR18208954,2020,2020,PDT001289280.1,Australia: Melbourne,sputum,,,0.0,
SRR18208957,2020,2020,PDT001289283.1,Australia: Melbourne,Biopsy,,,0.0,
SRR18208958,2020,2020,PDT001289284.1,Australia: Melbourne,Urine - MSU,,,0.0,
SRR18208959,2020,2020,PDT001289285.1,Australia: Melbourne,Urine - MSU,,,0.0,
SRR18208960,2020,2020,PDT001289286.1,Australia: Melbourne,Blood Peripheral,,,0.0,
SRR18208962,2020,2020,PDT001289288.1,Australia: Melbourne,urine,,,0.0,
SRR18208963,2020,2020,PDT001289289.1,Australia: Melbourne,Urine - MSU,,,0.0,
SRR18208965,2020,2020,PDT001289291.1,Australia: Melbourne,blood,,,0.0,
SRR18208966,2020,2020,PDT001289292.1,Australia: Melbourne,urine,,,0.0,
SRR18208967,2020,2020,PDT001289293.1,Australia: Melbourne,urine,,,0.0,
SRR18208969,2020,2020,PDT001289295.1,Australia: Melbourne,urine,,,0.0,
SRR18208970,2020,2020,PDT001289296.1,Australia: Melbourne,urine,,,0.0,
SRR18208971,2020,2020,PDT001289297.1,Australia: Melbourne,urine,,,0.0,
SRR18208973,2020,2020,PDT001289299.1,Australia: Melbourne,Urine - MSU,,,0.0,
SRR18208974,2020,2020,PDT001289300.1,Australia: Melbourne,wound,,,0.0,
SRR18208975,2020,2020,PDT001289301.1,Australia: Melbourne,Hickman red lumen,,,0.0,
SRR18208979,2020,2020,PDT001289305.1,Australia: Melbourne,Hick Brown Lumen,,,0.0,
SRR18208981,2020,2020,PDT001289307.1,Australia: Melbourne,urine,,,0.0,
SRR18208983,2020,2020,PDT001289309.1,Australia: Melbourne,wound,,,0.0,
SRR18208985,2020,2020,PDT001289311.1,Australia: Melbourne,urine,,,0.0,
SRR18208986,2020,2020,PDT001289312.1,Australia: Melbourne,tracheal aspirate,,,0.0,
SRR18208987,2020,2020,PDT001289313.1,Australia: Melbourne,Urine - Catheter,,,0.0,
SRR18208989,2020,2020,PDT001289315.1,Australia: Melbourne,urine,,,0.0,
SRR18208991,2020,2020,PDT001289317.1,Australia: Melbourne,urine,,,0.0,
SRR18208992,2020,2020,PDT001289318.1,Australia: Melbourne,urine,,,0.0,
SRR18208995,2020,2020,PDT001289321.1,Australia: Melbourne,urine,,,0.0,
SRR18208996,2020,2020,PDT001289322.1,Australia: Melbourne,blood,,,0.0,
SRR18208998,2020,2020,PDT001289324.1,Australia: Melbourne,urine,,,0.0,
SRR18208999,2020,2020,PDT001289325.1,Australia: Melbourne,Urine - Cystoscopy,,,0.0,
SRR18209000,2020,2020,PDT001289326.1,Australia: Melbourne,urine,,,0.0,
SRR18209002,2020,2020,PDT001289328.1,Australia: Melbourne,Duct,,,0.0,
SRR18209004,2020,2020,PDT001289330.1,Australia: Melbourne,Fluid - Pancreas,,,0.0,
SRR18209005,2020,2020,PDT001289331.1,Australia: Melbourne,Central Line,,,1.0,
SRR18209006,2020,2020,PDT001289332.1,Australia: Melbourne,urine,,,0.0,
SRR18209007,2020,2020,PDT001289333.1,Australia: Melbourne,urine,,,0.0,
SRR18209008,2020,2020,PDT001289334.1,Australia: Melbourne,urine,,,0.0,
SRR18209010,2020,2020,PDT001289336.1,Australia: Melbourne,Abscess,,,0.0,
SRR18209011,2020,2020,PDT001289337.1,Australia: Melbourne,urine,,,0.0,
SRR18209012,2020,2020,PDT001289338.1,Australia: Melbourne,Blood Peripheral,,,0.0,
SRR18209013,2020,2020,PDT001289339.1,Australia: Melbourne,wound,,,0.0,
SRR18209015,2020,2020,PDT001289341.1,Australia: Melbourne,sputum,,,0.0,
SRR18209020,2020,2020,PDT001289345.1,Australia: Melbourne,Bronchial Alveolar Lavage,,,0.0,
SRR18209022,2020,2020,PDT001289347.1,Australia: Melbourne,wound,,,0.0,
SRR18209023,2020,2020,PDT001289348.1,Australia: Melbourne,urine,,,0.0,
SRR18209024,2020,2020,PDT001289349.1,Australia: Melbourne,urine,,,0.0,
SRR18209026,2020,2020,PDT001289351.1,Australia: Melbourne,urine,,,0.0,
SRR18209027,2020,2020,PDT001289352.1,Australia: Melbourne,BAL,,,0.0,
SRR18209028,2020,2020,PDT001289353.1,Australia: Melbourne,Abscess,,,0.0,
SRR18209031,2020,2020,PDT001289356.1,Australia: Melbourne,Urine - MSU,,,0.0,
SRR18209035,2020,2020,PDT001289360.1,Australia: Melbourne,Urine - Catheter,,,0.0,
SRR18209036,2020,2020,PDT001289361.1,Australia: Melbourne,Fluid - Bile,,,0.0,
SRR18209037,2020,2020,PDT001289362.1,Australia: Melbourne,Central Line White,,,0.0,
SRR18209038,2020,2020,PDT001289363.1,Australia: Melbourne,urine,,,0.0,
SRR18209039,2020,2020,PDT001289364.1,Australia: Melbourne,urine,,,0.0,
SRR18209040,2020,2020,PDT001289365.1,Australia: Melbourne,urine,,,0.0,
SRR18209041,2020,2020,PDT001289366.1,Australia: Melbourne,Urine - Cl catch,,,0.0,
SRR18209042,2020,2020,PDT001289367.1,Australia: Melbourne,Burn,,,0.0,
SRR18209044,2020,2020,PDT001289369.1,Australia: Melbourne,urine,,,0.0,
SRR18209049,2020,2020,PDT001289374.1,Australia: Melbourne,Urine - Catheter,,,1.0,
SRR18209051,2020,2020,PDT001289376.1,Australia: Melbourne,urine,,,0.0,
SRR18209054,2020,2020,PDT001289378.1,Australia: Melbourne,urine,,,0.0,
SRR18209056,2020,2020,PDT001289380.1,Australia: Melbourne,blood,,,1.0,
SRR18209057,2020,2020,PDT001289381.1,Australia: Melbourne,blood,,,0.0,
SRR18209058,2020,2020,PDT001289382.1,Australia: Melbourne,urine,,,0.0,
SRR18209059,2020,2020,PDT001289383.1,Australia: Melbourne,urine,,,0.0,
SRR18209060,2020,2020,PDT001289384.1,Australia: Melbourne,Urine - Catheter,,,0.0,
SRR18209061,2020,2020,PDT001289385.1,Australia: Melbourne,blood,,,0.0,
SRR18209062,2020,2020,PDT001289386.1,Australia: Melbourne,urine,,,0.0,
SRR18209064,2020,2020,PDT001289388.1,Australia: Melbourne,blood,,,0.0,
SRR18209066,2020,2020,PDT001289390.1,Australia: Melbourne,urine,,,0.0,
SRR18209070,2020,2020,PDT001289394.1,Australia: Melbourne,Fluid - Pleural,,,1.0,
SRR18209071,2020,2020,PDT001289395.1,Australia: Melbourne,Blood PICC Line,,,0.0,
SRR18209076,2020,2020,PDT001289400.1,Australia: Melbourne,urine,,,1.0,
SRR18209079,2020,2020,PDT001289403.1,Australia: Melbourne,urine,,,0.0,
SRR18209080,2020,2020,PDT001289404.1,Australia: Melbourne,urine,,,0.0,
SRR18209081,2020,2020,PDT001289405.1,Australia: Melbourne,urine,,,0.0,
SRR18209082,2020,2020,PDT001289406.1,Australia: Melbourne,Central venous catheter,,,0.0,
SRR18209083,2020,2020,PDT001289407.1,Australia: Melbourne,blood,,,0.0,
SRR18209084,2020,2020,PDT001289408.1,Australia: Melbourne,Burn,,,0.0,
SRR18209085,2020,2020,PDT001289409.1,Australia: Melbourne,urine,,,0.0,
SRR18209086,2020,2020,PDT001289410.1,Australia: Melbourne,blood,,,0.0,
SRR18209087,2020,2020,PDT001289411.1,Australia: Melbourne,swab,,,0.0,
SRR18209088,2020,2020,PDT001289412.1,Australia: Melbourne,Endotrachial Tube,,,0.0,
SRR18209090,2020,2020,PDT001289414.1,Australia: Melbourne,Blood Peripheral,,,0.0,
SRR18209091,2020,2020,PDT001289415.1,Australia: Melbourne,urine,,,0.0,
SRR18209094,2020,2020,PDT001289418.1,Australia: Melbourne,swab,,,0.0,
SRR18209095,2020,2020,PDT001289419.1,Australia: Melbourne,wound,,,0.0,
SRR18209096,2020,2020,PDT001289420.1,Australia: Melbourne,blood,,,0.0,
SRR18209097,2020,2020,PDT001289421.1,Australia: Melbourne,urine,,,0.0,
SRR18209100,2020,2020,PDT001289424.1,Australia: Melbourne,wound,,,0.0,
SRR18209102,2020,2020,PDT001289426.1,Australia: Melbourne,urine,,,0.0,
SRR18209104,2020,2020,PDT001289428.1,Australia: Melbourne,CSF- Extra-ventricular drain,,,0.0,
SRR18209106,2020,2020,PDT001289430.1,Australia: Melbourne,Urine - MSU,,,0.0,
SRR18209109,2020,2020,PDT001289433.1,Australia: Melbourne,sputum,,,0.0,
SRR18209112,2020,2020,PDT001289436.1,Australia: Melbourne,sputum,,,0.0,
SRR18209113,2020,2020,PDT001289437.1,Australia: Melbourne,urine,,,0.0,
SRR18209114,2020,2020,PDT001289438.1,Australia: Melbourne,urine,,,0.0,
SRR18209115,2020,2020,PDT001289439.1,Australia: Melbourne,sputum,,,0.0,
SRR18209116,2020,2020,PDT001289440.1,Australia: Melbourne,Urine - MSU,,,0.0,
SRR18209117,2020,2020,PDT001289441.1,Australia: Melbourne,urine,,,0.0,
SRR18209118,2020,2020,PDT001289442.1,Australia: Melbourne,urine,,,0.0,
SRR18209119,2020,2020,PDT001289443.1,Australia: Melbourne,Blood Venous,,,0.0,
SRR18209121,2020,2020,PDT001289445.1,Australia: Melbourne,blood,,,0.0,
SRR18209122,2020,2020,PDT001289446.1,Australia: Melbourne,blood,,,0.0,
SRR18209124,2020,2020,PDT001289448.1,Australia: Melbourne,urine,,,0.0,
SRR18209126,2020,2020,PDT001289450.1,Australia: Melbourne,urine,,,0.0,
SRR18209127,2020,2020,PDT001289451.1,Australia: Melbourne,Endotrachial Tube,,,0.0,
SRR18209128,2020,2020,PDT001289452.1,Australia: Melbourne,urine,,,0.0,
SRR18209130,2020,2020,PDT001289454.1,Australia: Melbourne,Blood Venou,,,0.0,
SRR18209134,2020,2020,PDT001289458.1,Australia: Melbourne,urine,,,0.0,
SRR18209135,2020,2020,PDT001289459.1,Australia: Melbourne,swab,,,0.0,
SRR18209136,2020,2020,PDT001289460.1,Australia: Melbourne,urine,,,0.0,
SRR18209137,2020,2020,PDT001289461.1,Australia: Melbourne,Urine - MSU,,,0.0,
SRR18209141,2020,2020,PDT001289465.1,Australia: Melbourne,Urine - MSU,,,0.0,
SRR18209143,2020,2020,PDT001289467.1,Australia: Melbourne,urine,,,0.0,
SRR18209145,2020,2020,PDT001289469.1,Australia: Melbourne,sputum,,,0.0,
SRR18209147,2020,2020,PDT001289471.1,Australia: Melbourne,urine,,,0.0,
SRR18209148,2020,2020,PDT001289472.1,Australia: Melbourne,Urine - Catheter,,,0.0,
SRR18209151,2020,2020,PDT001289475.1,Australia: Melbourne,urine,,,0.0,
SRR18209153,2020,2020,PDT001289477.1,Australia: Melbourne,Burn,,,0.0,
SRR18209154,2020,2020,PDT001289478.1,Australia: Melbourne,Burn,,,0.0,
SRR18209155,2020,2020,PDT001289479.1,Australia: Melbourne,blood,,,1.0,
SRR18209156,2020,2020,PDT001289480.1,Australia: Melbourne,urine,,,0.0,
SRR18209158,2020,2020,PDT001289482.1,Australia: Melbourne,Blood Venous,,,0.0,
SRR18209159,2020,2020,PDT001289483.1,Australia: Melbourne,Urine - Bag,,,0.0,
SRR18209160,2020,2020,PDT001289484.1,Australia: Melbourne,BAL,,,0.0,
SRR18209161,2020,2020,PDT001289485.1,Australia: Melbourne,urine,,,0.0,
SRR18209163,2020,2020,PDT001289487.1,Australia: Melbourne,Hickman Catheter,,,0.0,
SRR18209167,2020,2020,PDT001289491.1,Australia: Melbourne,swab,,,0.0,
SRR18209169,2020,2020,PDT001289493.1,Australia: Melbourne,Endotrachial Tube,,,0.0,
SRR18209170,2020,2020,PDT001289494.1,Australia: Melbourne,urine,,,0.0,
SRR18209171,2020,2020,PDT001289495.1,Australia: Melbourne,urine,,,0.0,
SRR18209172,2020,2020,PDT001289496.1,Australia: Melbourne,Urine - Catheter,,,0.0,
SRR18209173,2020,2020,PDT001289497.1,Australia: Melbourne,sputum,,,0.0,
SRR18209174,2020,2020,PDT001289498.1,Australia: Melbourne,Blood Venous,,,1.0,
SRR18209175,2020,2020,PDT001289499.1,Australia: Melbourne,Urine - MSU,,,0.0,
SRR18209179,2020,2020,PDT001289503.1,Australia: Melbourne,Central Line,,,0.0,
SRR18209180,2020,2020,PDT001289504.1,Australia: Melbourne,blood,,,0.0,
SRR18209181,2020,2020,PDT001289505.1,Australia: Melbourne,sputum,,,1.0,
SRR18209182,2020,2020,PDT001289506.1,Australia: Melbourne,Burn,,,0.0,
SRR18209183,2020,2020,PDT001289507.1,Australia: Melbourne,urine,,,0.0,
SRR18209184,2020,2020,PDT001289508.1,Australia: Melbourne,blood,,,0.0,
SRR18209186,2020,2020,PDT001289510.1,Australia: Melbourne,Burn,,,0.0,
SRR18209188,2020,2020,PDT001289512.1,Australia: Melbourne,Endotrachial Tube,,,1.0,
SRR18209190,2020,2020,PDT001289514.1,Australia: Melbourne,Urine - Cystoscopy,,,0.0,
SRR18209192,2020,2020,PDT001289516.1,Australia: Melbourne,Urine - Nephrostomy,,,1.0,
SRR18209194,2020,2020,PDT001289518.1,Australia: Melbourne,urine,,,1.0,
SRR18209195,2020,2020,PDT001289519.1,Australia: Melbourne,urine,,,0.0,
SRR18209196,2020,2020,PDT001289520.1,Australia: Melbourne,blood,,,0.0,
SRR18209197,2020,2020,PDT001289521.1,Australia: Melbourne,Blood Peripheral,,,0.0,
SRR18209198,2020,2020,PDT001289522.1,Australia: Melbourne,Burn,,,0.0,
SRR18209199,2020,2020,PDT001289523.1,Australia: Melbourne,urine,,,0.0,
SRR18209200,2020,2020,PDT001289524.1,Australia: Melbourne,urine,,,0.0,
SRR18209206,2020,2020,PDT001289529.1,Australia: Melbourne,urine,,,0.0,
SRR18209207,2020,2020,PDT001289530.1,Australia: Melbourne,urine,,,0.0,
SRR18209209,2020,2020,PDT001289532.1,Australia: Melbourne,urine,,,0.0,
SRR18209213,2020,2020,PDT001289536.1,Australia: Melbourne,urine,,,0.0,
SRR18209214,2020,2020,PDT001289537.1,Australia: Melbourne,Abscess,,,0.0,
SRR18209215,2020,2020,PDT001289538.1,Australia: Melbourne,sputum,,,1.0,
SRR18209216,2020,2020,PDT001289539.1,Australia: Melbourne,PEG Site,,,1.0,
SRR18209217,2020,2020,PDT001289540.1,Australia: Melbourne,urine,,,0.0,
SRR18209219,2020,2020,PDT001289542.1,Australia: Melbourne,urine,,,0.0,
SRR18209222,2020,2020,PDT001289544.1,Australia: Melbourne,Urine - Catheter,,,1.0,
SRR18209223,2020,2020,PDT001289545.1,Australia: Melbourne,blood,,,0.0,
SRR18209226,2020,2020,PDT001289548.1,Australia: Melbourne,swab,,,0.0,
SRR18209228,2020,2020,PDT001289550.1,Australia: Melbourne,urine,,,1.0,
SRR18209229,2020,2020,PDT001289551.1,Australia: Melbourne,Urine - MSU,,,0.0,
SRR18209230,2020,2020,PDT001289552.1,Australia: Melbourne,tracheal aspirate,,,1.0,
SRR18209231,2020,2020,PDT001289553.1,Australia: Melbourne,urine,,,0.0,
SRR18209232,2020,2020,PDT001289554.1,Australia: Melbourne,urine,,,0.0,
SRR18209233,2020,2020,PDT001289555.1,Australia: Melbourne,urine,,,0.0,
SRR18209234,2020,2020,PDT001289556.1,Australia: Melbourne,urine,,,0.0,
SRR18209235,2020,2020,PDT001289557.1,Australia: Melbourne,urine,,,1.0,
SRR18209236,2020,2020,PDT001289558.1,Australia: Melbourne,urine,,,0.0,
SRR23048568,2020,2020,PDT001580398.1,Norway,Caecal,,,0.0,
SRR23048569,2020,2020,PDT001580399.1,Norway,Caecal,,,0.0,
SRR23048571,2020,2020,PDT001580401.1,Norway,Caecal,,,0.0,
SRR23048572,2020,2020,PDT001580402.1,Norway,Caecal,,,0.0,
SRR23048574,2020,2020,PDT001580404.1,Norway,Caecal,,,0.0,
SRR23048576,2020,2020,PDT001580406.1,Norway,Caecal,,,0.0,
SRR23048577,2020,2020,PDT001580407.1,Norway,Caecal,,,0.0,
SRR23048578,2020,2020,PDT001580408.1,Norway,Caecal,,,0.0,
SRR23048579,2020,2020,PDT001580409.1,Norway,Caecal,,,0.0,
SRR23048581,2020,2020,PDT001580411.1,Norway,Caecal,,,0.0,
SRR23048582,2020,2020,PDT001580412.1,Norway,Caecal,,,0.0,
SRR23048583,2020,2020,PDT001580413.1,Norway,Caecal,,,0.0,
SRR23048584,2020,2020,PDT001580414.1,Norway,Caecal,,,0.0,
SRR23048585,2020,2020,PDT001580415.1,Norway,Caecal,,,0.0,
SRR23048586,2020,2020,PDT001580416.1,Norway,Caecal,,,0.0,
SRR23048587,2020,2020,PDT001580417.1,Norway,Caecal,,,0.0,
SRR23048588,2020,2020,PDT001580418.1,Norway,Caecal,,,0.0,
SRR23048592,2020,2020,PDT001580422.1,Norway,Caecal,,,0.0,
SRR23048593,2020,2020,PDT001580423.1,Norway,Caecal,,,0.0,
SRR23048598,2020,2020,PDT001580428.1,Norway,Caecal,,,0.0,
SRR23048599,2020,2020,PDT001580429.1,Norway,Caecal,,,0.0,
SRR23048600,2020,2020,PDT001580430.1,Norway,Caecal,,,0.0,
SRR23048602,2020,2020,PDT001580432.1,Norway,Caecal,,,0.0,
SRR23048604,2020,2020,PDT001580434.1,Norway,Caecal,,,0.0,
SRR23048605,2020,2020,PDT001580435.1,Norway,Caecal,,,0.0,
SRR23048606,2020,2020,PDT001580436.1,Norway,Caecal,,,0.0,
SRR23048607,2020,2020,PDT001580437.1,Norway,Caecal,,,0.0,
SRR23048609,2020,2020,PDT001580439.1,Norway,Caecal,,,0.0,
SRR23048610,2020,2020,PDT001580440.1,Norway,Caecal,,,0.0,
SRR23048611,2020,2020,PDT001580441.1,Norway,Caecal,,,0.0,
SRR23048612,2020,2020,PDT001580442.1,Norway,Caecal,,,0.0,
SRR23048613,2020,2020,PDT001580443.1,Norway,Caecal,,,0.0,
SRR23048614,2020,2020,PDT001580444.1,Norway,Caecal,,,0.0,
SRR23048616,2020,2020,PDT001580446.1,Norway,Caecal,,,0.0,
SRR23048617,2020,2020,PDT001580447.1,Norway,Caecal,,,0.0,
SRR23048621,2020,2020,PDT001580449.1,Norway,Caecal,,,0.0,
SRR23048623,2020,2020,PDT001580451.1,Norway,Caecal,,,0.0,
SRR23048626,2020,2020,PDT001580454.1,Norway,Caecal,,,0.0,
SRR23048627,2020,2020,PDT001580455.1,Norway,Caecal,,,0.0,
SRR23048629,2020,2020,PDT001580457.1,Norway,Caecal,,,0.0,
SRR23048630,2020,2020,PDT001580458.1,Norway,Caecal,,,0.0,
SRR23048634,2020,2020,PDT001580461.1,Norway,Caecal,,,0.0,
SRR23048636,2020,2020,PDT001580463.1,Norway,Caecal,,,0.0,
SRR23048638,2020,2020,PDT001580465.1,Norway,Caecal,,,0.0,
SRR23048639,2020,2020,PDT001580466.1,Norway,Caecal,,,0.0,
SRR23048640,2020,2020,PDT001580467.1,Norway,Caecal,,,0.0,
SRR23048641,2020,2020,PDT001580468.1,Norway,Caecal,,,0.0,
SRR23048643,2020,2020,PDT001580470.1,Norway,Caecal,,,0.0,
SRR23048646,2020,2020,PDT001580473.1,Norway,Caecal,,,0.0,
SRR23048647,2020,2020,PDT001580474.1,Norway,Caecal,,,0.0,
SRR23048649,2020,2020,PDT001580476.1,Norway,Caecal,,,0.0,
SRR23048653,2020,2020,PDT001580480.1,Norway,Caecal,,,0.0,
SRR23048655,2020,2020,PDT001580482.1,Norway,Caecal,,,0.0,
SRR23048657,2020,2020,PDT001580484.1,Norway,Caecal,,,0.0,
SRR23048661,2020,2020,PDT001580487.1,Norway,Caecal,,,0.0,
SRR23048663,2020,2020,PDT001580488.1,Norway,Caecal,,,0.0,
SRR23048664,2020,2020,PDT001580489.1,Norway,Caecal,,,0.0,
SRR23048665,2020,2020,PDT001580490.1,Norway,Caecal,,,0.0,
SRR23048666,2020,2020,PDT001580491.1,Norway,Caecal,,,0.0,
SRR23048667,2020,2020,PDT001580492.1,Norway,Caecal,,,0.0,
SRR23048668,2020,2020,PDT001580493.1,Norway,Caecal,,,0.0,
SRR23048669,2020,2020,PDT001580494.1,Norway,Caecal,,,0.0,
SRR23048670,2020,2020,PDT001580495.1,Norway,Caecal,,,0.0,
SRR23048671,2020,2020,PDT001580496.1,Norway,Caecal,,,0.0,
SRR23048672,2020,2020,PDT001580497.1,Norway,Caecal,,,0.0,
SRR23048675,2020,2020,PDT001580500.1,Norway,Caecal,,,0.0,
SRR23048676,2020,2020,PDT001580501.1,Norway,Caecal,,,0.0,
SRR23048677,2020,2020,PDT001580502.1,Norway,Caecal,,,0.0,
SRR23048679,2020,2020,PDT001580504.1,Norway,Caecal,,,0.0,
SRR23048680,2020,2020,PDT001580505.1,Norway,Caecal,,,0.0,
SRR23048681,2020,2020,PDT001580506.1,Norway,Caecal,,,0.0,
SRR24102324,2020,2020,PDT001682689.1,USA,wound,0.0,,1.0,1.0
SRR24102316,2020,2020,PDT001769958.1,USA,trachea,1.0,,1.0,1.0
SRR26324307,2020,2020,PDT001927055.1,Italy: Milan,not collected,,,0.0,
SRR30762176,2020,2020,PDT002391433.1,Tunisia: Sfax,blood,1.0,1.0,1.0,1.0
SRR30762178,2020,2020,PDT002391435.1,Tunisia: Sfax,blood,0.0,1.0,1.0,0.0
SRR30762179,2020,2020,PDT002391436.1,Tunisia: Sfax,blood,1.0,1.0,1.0,1.0
SRR30762180,2020,2020,PDT002391437.1,Tunisia: Sfax,blood,1.0,1.0,1.0,1.0
SRR30762181,2020,2020,PDT002391438.1,Tunisia: Sfax,blood,0.0,1.0,1.0,1.0
SRR30762182,2020,2020,PDT002391439.1,Tunisia: Sfax,blood,1.0,1.0,1.0,1.0
SRR30762183,2020,2020,PDT002391440.1,Tunisia: Sfax,blood,1.0,1.0,1.0,1.0
SRR24667968,2021,2021,PDT001744035.2,USA:Boston,Rectal,0.0,,1.0,1.0
SRR24667972,2021,2021,PDT001744039.2,USA:Boston,Rectal,0.0,0.0,1.0,
SRR24667973,2021,2021,PDT001744040.1,USA:Boston,Rectal,0.0,0.0,1.0,
SRR24673292,2021,2021,PDT001744178.2,USA:Boston,blood,0.0,1.0,1.0,0.0
SRR24673293,2021,2021,PDT001744179.2,USA:Boston,Gall bladder,0.0,1.0,1.0,0.0
SRR24673301,2021,2021,PDT001744186.2,USA:Boston,blood,0.0,0.0,1.0,0.0
SRR24673307,2021,2021,PDT001744192.2,USA:Boston,sputum,0.0,1.0,0.0,1.0
SRR24673310,2021,2021,PDT001744195.2,USA:Boston,sputum,0.0,1.0,0.0,1.0
SRR24673313,2021,2021,PDT001744198.2,USA:Boston,Rectal,0.0,1.0,0.0,
SRR28559215,2021,2021,PDT002131241.1,USA,blood,0.0,0.0,1.0,1.0
SRR30762169,2021,2021,PDT002391426.1,Tunisia: Sfax,blood,1.0,1.0,1.0,
SRR30762170,2021,2021,PDT002391427.1,Tunisia: Sfax,blood,0.0,1.0,1.0,1.0
SRR30762171,2021,2021,PDT002391428.1,Tunisia: Sfax,blood,1.0,1.0,1.0,1.0
SRR30762172,2021,2021,PDT002391429.1,Tunisia: Sfax,blood,1.0,1.0,1.0,1.0
SRR30762173,2021,2021,PDT002391430.1,Tunisia: Sfax,blood,1.0,1.0,1.0,1.0
SRR30762174,2021,2021,PDT002391431.1,Tunisia: Sfax,blood,1.0,1.0,1.0,1.0
SRR30762175,2021,2021,PDT002391432.1,Tunisia: Sfax,blood,1.0,1.0,1.0,1.0
SRR22324425,2022,2022,PDT001488004.4,USA,sputum,0.0,1.0,1.0,1.0
SRR24667967,2022,2022,PDT001744034.2,USA:Boston,urine,0.0,1.0,,0.0
SRR24667969,2022,2022,PDT001744036.2,USA:Boston,tracheal aspirate,0.0,0.0,0.0,0.0
SRR24667971,2022,2022,PDT001744038.2,USA:Boston,blood,0.0,0.0,0.0,0.0
SRR24673226,2022,2022,PDT001744112.1,USA:Boston,urine,0.0,1.0,0.0,0.0
SRR24673228,2022,2022,PDT001744114.2,USA:Boston,Bronchial alveolar lavage,0.0,0.0,1.0,0.0
SRR24673229,2022,2022,PDT001744115.2,USA:Boston,urine,0.0,0.0,1.0,1.0
SRR24673230,2022,2022,PDT001744116.2,USA:Boston,urine,0.0,1.0,1.0,0.0
SRR24673233,2022,2022,PDT001744119.2,USA:Boston,urine,0.0,0.0,0.0,0.0
SRR24673234,2022,2022,PDT001744120.2,USA:Boston,Vagina,0.0,1.0,,0.0
SRR24673235,2022,2022,PDT001744121.2,USA:Boston,tracheal aspirate,0.0,0.0,1.0,0.0
SRR24673236,2022,2022,PDT001744122.2,USA:Boston,urine,0.0,1.0,1.0,0.0
SRR24673237,2022,2022,PDT001744123.2,USA:Boston,urine,0.0,0.0,1.0,0.0
SRR24673238,2022,2022,PDT001744124.2,USA:Boston,blood,0.0,1.0,,0.0
SRR24673239,2022,2022,PDT001744125.2,USA:Boston,urine,0.0,1.0,1.0,0.0
SRR24673240,2022,2022,PDT001744126.2,USA:Boston,urine,0.0,0.0,1.0,0.0
SRR24673241,2022,2022,PDT001744127.1,USA:Boston,J-tube site,0.0,0.0,1.0,
SRR24673244,2022,2022,PDT001744130.2,USA:Boston,urine,0.0,1.0,0.0,0.0
SRR24673245,2022,2022,PDT001744131.2,USA:Boston,urine,0.0,1.0,1.0,0.0
SRR24673246,2022,2022,PDT001744132.2,USA:Boston,urine,0.0,1.0,1.0,0.0
SRR24673247,2022,2022,PDT001744133.2,USA:Boston,Scrotum,0.0,,1.0,
SRR24673248,2022,2022,PDT001744134.2,USA:Boston,urine,0.0,1.0,1.0,0.0
SRR24673249,2022,2022,PDT001744135.2,USA:Boston,wound,0.0,1.0,1.0,1.0
SRR24673250,2022,2022,PDT001744136.2,USA:Boston,wound,0.0,1.0,1.0,1.0
SRR24673251,2022,2022,PDT001744137.2,USA:Boston,wound,0.0,1.0,1.0,0.0
SRR24673252,2022,2022,PDT001744138.2,USA:Boston,urine,0.0,1.0,1.0,0.0
SRR24673253,2022,2022,PDT001744139.2,USA:Boston,Lower respiratory tract,0.0,0.0,1.0,0.0
SRR24673254,2022,2022,PDT001744140.1,USA:Boston,urine,0.0,1.0,1.0,0.0
SRR24673256,2022,2022,PDT001744142.2,USA:Boston,urine,0.0,1.0,1.0,0.0
SRR24673257,2022,2022,PDT001744143.2,USA:Boston,urine,0.0,1.0,1.0,0.0
SRR24673258,2022,2022,PDT001744144.2,USA:Boston,urine,0.0,1.0,0.0,0.0
SRR24673259,2022,2022,PDT001744145.1,USA:Boston,urine,0.0,0.0,1.0,0.0
SRR24673260,2022,2022,PDT001744146.2,USA:Boston,tracheal aspirate,0.0,0.0,1.0,0.0
SRR24673261,2022,2022,PDT001744147.2,USA:Boston,bile,0.0,1.0,1.0,
SRR24673262,2022,2022,PDT001744148.2,USA:Boston,bile,0.0,1.0,1.0,
SRR24673264,2022,2022,PDT001744150.2,USA:Boston,tracheal aspirate,0.0,1.0,1.0,
SRR24673265,2022,2022,PDT001744151.2,USA:Boston,Bronchial alveolar lavage,0.0,0.0,0.0,0.0
SRR24673266,2022,2022,PDT001744152.2,USA:Boston,urine,1.0,1.0,1.0,1.0
SRR24673267,2022,2022,PDT001744153.2,USA:Boston,Abdominal,0.0,,1.0,1.0
SRR24673268,2022,2022,PDT001744154.2,USA:Boston,urine,0.0,1.0,1.0,0.0
SRR24673269,2022,2022,PDT001744155.2,USA:Boston,urine,0.0,0.0,1.0,0.0
SRR24673270,2022,2022,PDT001744156.2,USA:Boston,urine,0.0,0.0,1.0,0.0
SRR24673271,2022,2022,PDT001744157.2,USA:Boston,tracheal aspirate,0.0,0.0,1.0,0.0
SRR24673272,2022,2022,PDT001744158.2,USA:Boston,urine,0.0,1.0,1.0,0.0
SRR24673273,2022,2022,PDT001744159.2,USA:Boston,urine,0.0,,1.0,0.0
SRR24673275,2022,2022,PDT001744161.2,USA:Boston,sputum,0.0,0.0,1.0,0.0
SRR24673276,2022,2022,PDT001744162.2,USA:Boston,urine,0.0,0.0,1.0,1.0
SRR24673277,2022,2022,PDT001744163.2,USA:Boston,Anal,0.0,,1.0,0.0
SRR24673287,2022,2022,PDT001744173.2,USA:Boston,urine,0.0,1.0,1.0,0.0
SRR24673288,2022,2022,PDT001744174.2,USA:Boston,urine,0.0,1.0,1.0,0.0
SRR24673289,2022,2022,PDT001744175.2,USA:Boston,urine,0.0,1.0,1.0,0.0
SRR24673290,2022,2022,PDT001744176.2,USA:Boston,urine,0.0,1.0,1.0,0.0
SRR24673291,2022,2022,PDT001744177.2,USA:Boston,urine,0.0,1.0,1.0,0.0
SRR24673294,2022,2022,PDT001744180.2,USA:Boston,wound,0.0,0.0,1.0,0.0
SRR24673298,2022,2022,PDT001744183.2,USA:Boston,Abdominal,0.0,1.0,1.0,0.0
SRR24673299,2022,2022,PDT001744184.2,USA:Boston,Bronchial alveolar lavage,0.0,1.0,1.0,0.0
SRR24673300,2022,2022,PDT001744185.2,USA:Boston,blood,0.0,1.0,1.0,0.0
SRR24673302,2022,2022,PDT001744187.2,USA:Boston,Abdominal,0.0,1.0,1.0,0.0
SRR24673303,2022,2022,PDT001744188.2,USA:Boston,blood,0.0,1.0,1.0,0.0
SRR24673305,2022,2022,PDT001744190.2,USA:Boston,urine,0.0,1.0,1.0,0.0
SRR24673306,2022,2022,PDT001744191.2,USA:Boston,wound,0.0,1.0,1.0,0.0
SRR24673309,2022,2022,PDT001744194.2,USA:Boston,urine,0.0,1.0,0.0,0.0
SRR24673311,2022,2022,PDT001744196.2,USA:Boston,blood,0.0,1.0,1.0,1.0
SRR24673312,2022,2022,PDT001744197.2,USA:Boston,bile,0.0,0.0,1.0,0.0
SRR24673323,2022,2022,PDT001744208.2,USA:Boston,blood,0.0,1.0,1.0,0.0
SRR24673328,2022,2022,PDT001744213.2,USA:Boston,urine,0.0,0.0,1.0,0.0
SRR24673329,2022,2022,PDT001744214.2,USA:Boston,urine,0.0,1.0,1.0,0.0
SRR24673330,2022,2022,PDT001744215.2,USA:Boston,urine,0.0,0.0,1.0,0.0
SRR24673332,2022,2022,PDT001744217.2,USA:Boston,urine,0.0,1.0,0.0,0.0
SRR24673333,2022,2022,PDT001744218.2,USA:Boston,urine,0.0,1.0,1.0,0.0
SRR24673334,2022,2022,PDT001744219.2,USA:Boston,urine,0.0,1.0,,0.0
SRR24673335,2022,2022,PDT001744220.2,USA:Boston,urine,0.0,0.0,1.0,0.0
SRR24673336,2022,2022,PDT001744221.2,USA:Boston,urine,0.0,1.0,1.0,0.0
SRR24673340,2022,2022,PDT001744224.1,USA:Boston,Vagina,0.0,1.0,1.0,0.0
SRR24673341,2022,2022,PDT001744225.2,USA:Boston,urine,0.0,0.0,1.0,1.0
SRR24102319,2022,2022,PDT001770851.1,USA,fluid-bronchalveolar lavage,1.0,,1.0,1.0
SRR30762160,2022,2022,PDT002391417.1,Tunisia: Sfax,blood,1.0,1.0,1.0,1.0
SRR30762161,2022,2022,PDT002391418.1,Tunisia: Sfax,blood,1.0,1.0,1.0,1.0
SRR30762162,2022,2022,PDT002391419.1,Tunisia: Sfax,blood,0.0,1.0,1.0,1.0
SRR30762163,2022,2022,PDT002391420.1,Tunisia: Sfax,blood,1.0,1.0,1.0,1.0
SRR30762164,2022,2022,PDT002391421.1,Tunisia: Sfax,blood,1.0,1.0,1.0,1.0
SRR30762165,2022,2022,PDT002391422.1,Tunisia: Sfax,blood,1.0,1.0,1.0,1.0
SRR30762167,2022,2022,PDT002391424.1,Tunisia: Sfax,blood,1.0,1.0,1.0,1.0
SRR30762168,2022,2022,PDT002391425.1,Tunisia: Sfax,blood,1.0,1.0,1.0,1.0
SRR3219826,2011,2011,PDT000130457.2,USA: California,urine,1.0,1.0,,
SRR3219827,2011,2011,PDT000130458.2,USA: California,sputum,1.0,1.0,,
SRR3219817,2011,2011,PDT000130459.2,USA: California,urine,1.0,1.0,,1.0
SRR3219271,2011,2011,PDT000130460.2,USA: California,urine,1.0,1.0,,1.0
SRR3219834,2011,2011,PDT000130462.2,USA: Washington,wound,,1.0,,1.0
SRR3981083,2011,2011,PDT000141557.4,USA,blood,0.0,0.0,1.0,1.0
SRR3981084,2011,2011,PDT000141558.4,USA,urine,0.0,0.0,1.0,1.0
SRR5386451,2011,2011,PDT000875529.1,USA: Houston,respiratory,,,1.0,
SRR3219831,2011,2011,PDT001230705.1,USA: California,sputum,1.0,1.0,,1.0
SRR3185094,2012,2012,PDT000111517.2,Afghanistan,SURVEILLANCE,1.0,1.0,1.0,1.0
SRR3185095,2012,2012,PDT000111518.2,Honduras,respiratory,,1.0,1.0,1.0
SRR3219835,2012,2012,PDT000130463.2,USA: Virginia,Peritoneal Fluid,0.0,1.0,,1.0
SRR3221668,2012,2012,PDT000130464.2,USA: Illinois,urine,1.0,1.0,,1.0
SRR3981085,2012,2012,PDT000141559.4,USA,urine,0.0,0.0,1.0,0.0
SRR3981086,2012,2012,PDT000141560.4,USA,urine,,1.0,1.0,1.0
SRR3981087,2012,2012,PDT000141561.4,USA,urine,0.0,1.0,1.0,1.0
SRR3982097,2012,2012,PDT000141571.4,USA,urine,0.0,1.0,1.0,1.0
SRR3982098,2012,2012,PDT000141572.4,USA,urine,0.0,1.0,1.0,1.0
SRR3982100,2012,2012,PDT000141574.2,USA,urine,0.0,1.0,1.0,0.0
SRR3982129,2012,2012,PDT000141577.4,USA,urine,0.0,0.0,1.0,1.0
SRR3982131,2012,2012,PDT000141578.4,USA,urine,0.0,0.0,1.0,1.0
SRR3982178,2012,2012,PDT000141582.10,USA,urine,0.0,0.0,1.0,0.0
SRR3982216,2012,2012,PDT000141584.4,USA,urine,0.0,0.0,1.0,0.0
SRR3982229,2012,2012,PDT000141585.4,USA,urine,,1.0,1.0,1.0
SRR3982230,2012,2012,PDT000141586.5,USA,urine,0.0,1.0,1.0,1.0
SRR3982253,2012,2012,PDT000141587.4,USA,urine,0.0,1.0,1.0,1.0
SRR3982254,2012,2012,PDT000141588.4,USA,urine,0.0,0.0,1.0,1.0
SRR5385440,2012,2012,PDT000874583.1,USA: Houston,urine,,,1.0,
SRR5385457,2012,2012,PDT000874600.1,USA: Houston,urine,,,1.0,
SRR5385460,2012,2012,PDT000874603.1,USA: Houston,urine,,,1.0,
SRR5385480,2012,2012,PDT000874623.1,USA: Houston,urine,,,1.0,
SRR5385493,2012,2012,PDT000874635.1,USA: Houston,wound,,,1.0,
SRR5385502,2012,2012,PDT000874644.1,USA: Houston,urine,,,0.0,
SRR5385525,2012,2012,PDT000874667.1,USA: Houston,TISSUE,,,1.0,
SRR5385530,2012,2012,PDT000874672.1,USA: Houston,blood,,,1.0,
SRR5386165,2012,2012,PDT000875244.1,USA: Houston,respiratory,,,1.0,
SRR5386172,2012,2012,PDT000875251.1,USA: Houston,urine,,,1.0,
SRR5386182,2012,2012,PDT000875261.1,USA: Houston,blood,,,0.0,
SRR5386192,2012,2012,PDT000875271.1,USA: Houston,ULCER,,,1.0,
SRR5386193,2012,2012,PDT000875272.1,USA: Houston,urine,,,1.0,
SRR5386194,2012,2012,PDT000875273.1,USA: Houston,urine,,,1.0,
SRR5386208,2012,2012,PDT000875287.1,USA: Houston,respiratory,,,1.0,
SRR5386211,2012,2012,PDT000875290.1,USA: Houston,urine,,,1.0,
SRR5386220,2012,2012,PDT000875299.1,USA: Houston,respiratory,,,1.0,
SRR5386223,2012,2012,PDT000875302.1,USA: Houston,urine,,,1.0,
SRR5386265,2012,2012,PDT000875343.1,USA: Houston,urine,,,0.0,
SRR5386267,2012,2012,PDT000875345.1,USA: Houston,blood,,,1.0,
SRR5386268,2012,2012,PDT000875346.1,USA: Houston,TISSUE,,,1.0,
SRR5386272,2012,2012,PDT000875350.1,USA: Houston,urine,,,1.0,
SRR5386290,2012,2012,PDT000875368.1,USA: Houston,blood,,,1.0,
SRR5386304,2012,2012,PDT000875382.1,USA: Houston,urine,,,1.0,
SRR5386329,2012,2012,PDT000875407.1,USA: Houston,urine,,,0.0,
SRR5386336,2012,2012,PDT000875414.1,USA: Houston,respiratory,,,1.0,
SRR5386339,2012,2012,PDT000875417.1,USA: Houston,urine,,,1.0,
SRR5386342,2012,2012,PDT000875420.1,USA: Houston,ULCER,,,1.0,
SRR5386344,2012,2012,PDT000875422.1,USA: Houston,ABSCESS,,,1.0,
SRR5386364,2012,2012,PDT000875442.1,USA: Houston,urine,,,0.0,
SRR5386367,2012,2012,PDT000875445.1,USA: Houston,urine,,,1.0,
SRR5386370,2012,2012,PDT000875448.1,USA: Houston,urine,,,1.0,
SRR5386377,2012,2012,PDT000875455.1,USA: Houston,respiratory,,,0.0,
SRR5386386,2012,2012,PDT000875464.1,USA: Houston,blood,,,1.0,
SRR5386405,2012,2012,PDT000875483.1,USA: Houston,TISSUE,,,1.0,
SRR5386407,2012,2012,PDT000875485.1,USA: Houston,PUS,,,1.0,
SRR5386414,2012,2012,PDT000875492.1,USA: Houston,urine,,,1.0,
SRR5386416,2012,2012,PDT000875494.1,USA: Houston,urine,,,1.0,
SRR5386418,2012,2012,PDT000875496.1,USA: Houston,respiratory,,,1.0,
SRR5386420,2012,2012,PDT000875498.1,USA: Houston,respiratory,,,1.0,
SRR5386422,2012,2012,PDT000875500.1,USA: Houston,urine,,,1.0,
SRR5386423,2012,2012,PDT000875501.1,USA: Houston,respiratory,,,1.0,
SRR5386426,2012,2012,PDT000875504.1,USA: Houston,respiratory,,,1.0,
SRR5931420,2012,2012,PDT001097536.1,Australia: Victoria,urine,,,1.0,
SRR3185096,2013,2013,PDT000111519.2,Honduras,EXUDATE,1.0,1.0,1.0,1.0
SRR3185098,2013,2013,PDT000111521.2,Germany:Landstuhl,SURVEILLANCE,0.0,1.0,1.0,1.0
SRR3222121,2013,2013,PDT000130443.2,USA: Indiana,BAL,0.0,1.0,,1.0
SRR3222198,2013,2013,PDT000130445.2,USA: Minnesota,urine,1.0,1.0,,0.0
SRR3222075,2013,2013,PDT000130446.2,USA: Indiana,sputum,0.0,1.0,,1.0
SRR3221782,2013,2013,PDT000130447.2,USA: Oklahoma,urine,1.0,1.0,,1.0
SRR3221942,2013,2013,PDT000130448.5,USA: Oklahoma,urine,1.0,1.0,,1.0
SRR3221987,2013,2013,PDT000130449.2,USA: Illinois,urine,1.0,1.0,,1.0
SRR3222406,2013,2013,PDT000130454.2,USA: California,urine,1.0,1.0,,1.0
SRR3222408,2013,2013,PDT000130455.2,USA: California,urine,0.0,1.0,,
SRR3222415,2013,2013,PDT000130456.2,USA: California,Gastric Contents,0.0,1.0,,1.0
SRR3221675,2013,2013,PDT000130466.2,USA: Pennsylvania,sputum,1.0,1.0,,1.0
SRR3221676,2013,2013,PDT000130467.2,USA: Illinois,tracheal aspirate,1.0,1.0,,1.0
SRR3221684,2013,2013,PDT000130468.2,USA: Texas,urine,1.0,1.0,,1.0
SRR3982316,2013,2013,PDT000141592.4,USA,blood,,1.0,1.0,1.0
SRR3982346,2013,2013,PDT000141593.4,USA,urine,0.0,1.0,1.0,1.0
SRR3982400,2013,2013,PDT000141597.5,USA,urine,0.0,1.0,1.0,0.0
SRR3987108,2013,2013,PDT000141652.4,USA,urine,0.0,0.0,1.0,0.0
SRR3987109,2013,2013,PDT000141653.4,USA,urine,0.0,0.0,1.0,0.0
SRR3987110,2013,2013,PDT000141654.4,USA,urine,0.0,0.0,1.0,0.0
SRR3987111,2013,2013,PDT000141655.4,USA,urine,0.0,0.0,1.0,0.0
SRR3987112,2013,2013,PDT000141656.4,USA,urine,0.0,1.0,1.0,1.0
SRR3987113,2013,2013,PDT000141657.4,USA,urine,0.0,0.0,1.0,0.0
SRR3987114,2013,2013,PDT000141658.4,USA,urine,0.0,0.0,1.0,0.0
SRR3987115,2013,2013,PDT000141659.5,USA,urine,0.0,1.0,1.0,1.0
SRR3987116,2013,2013,PDT000141660.4,USA,Fluid_Peritoneal,0.0,0.0,1.0,1.0
SRR3987117,2013,2013,PDT000141661.4,USA,urine,0.0,0.0,1.0,0.0
SRR3987118,2013,2013,PDT000141662.4,USA,urine,,1.0,1.0,1.0
SRR3987119,2013,2013,PDT000141663.4,USA,urine,0.0,1.0,1.0,1.0
SRR3987120,2013,2013,PDT000141664.5,USA,urine,,1.0,1.0,1.0
SRR3987121,2013,2013,PDT000141665.4,USA,Blood_whole,,1.0,1.0,1.0
SRR3987122,2013,2013,PDT000141682.5,USA,urine,0.0,1.0,1.0,1.0
SRR3987123,2013,2013,PDT000141683.4,USA,urine,,1.0,1.0,1.0
SRR3987124,2013,2013,PDT000141684.4,USA,urine,,1.0,1.0,1.0
SRR3987125,2013,2013,PDT000141685.4,USA,urine,0.0,1.0,1.0,1.0
SRR3987126,2013,2013,PDT000141686.4,USA,urine,0.0,1.0,1.0,1.0
SRR3987127,2013,2013,PDT000141687.4,USA,urine,0.0,1.0,1.0,1.0
SRR3987128,2013,2013,PDT000141688.4,USA,urine,0.0,1.0,1.0,1.0
SRR3987129,2013,2013,PDT000141689.4,USA,urine,,1.0,1.0,1.0
SRR3987131,2013,2013,PDT000141691.4,USA,urine,0.0,0.0,0.0,0.0
SRR3987132,2013,2013,PDT000141692.4,USA,urine,0.0,0.0,1.0,0.0
SRR3987133,2013,2013,PDT000141693.2,USA,urine,0.0,0.0,1.0,0.0
SRR3987134,2013,2013,PDT000141694.4,USA,urine,0.0,1.0,0.0,0.0
SRR3987135,2013,2013,PDT000141695.4,USA,urine,1.0,1.0,1.0,1.0
SRR3996236,2013,2013,PDT000143071.4,USA,urine,0.0,1.0,1.0,1.0
SRR3996238,2013,2013,PDT000143073.4,USA,urine,,1.0,1.0,1.0
SRR3996239,2013,2013,PDT000143074.4,USA,urine,,1.0,1.0,1.0
SRR3996240,2013,2013,PDT000143075.4,USA,urine,0.0,1.0,1.0,1.0
SRR3996241,2013,2013,PDT000143076.5,USA,urine,0.0,1.0,1.0,1.0
SRR3996242,2013,2013,PDT000143077.4,USA,urine,0.0,1.0,1.0,1.0
SRR3996245,2013,2013,PDT000143080.5,USA,urine,0.0,1.0,1.0,1.0
SRR3996246,2013,2013,PDT000143081.4,USA,urine,0.0,1.0,1.0,1.0
SRR3996248,2013,2013,PDT000143083.5,USA,urine,,1.0,1.0,1.0
SRR3996250,2013,2013,PDT000143085.5,USA,Blood_whole,,1.0,1.0,1.0
SRR3996251,2013,2013,PDT000143086.4,USA,urine,0.0,1.0,1.0,1.0
SRR3996252,2013,2013,PDT000143087.5,USA,urine,,1.0,1.0,1.0
SRR3996253,2013,2013,PDT000143088.4,USA,urine,0.0,1.0,1.0,1.0
SRR3996254,2013,2013,PDT000143089.4,USA,urine,1.0,1.0,1.0,1.0
SRR3996255,2013,2013,PDT000143090.4,USA,urine,0.0,1.0,1.0,
SRR3996256,2013,2013,PDT000143091.4,USA,urine,0.0,0.0,1.0,0.0
SRR3996258,2013,2013,PDT000143093.4,USA,urine,0.0,1.0,1.0,0.0
SRR3996260,2013,2013,PDT000143095.4,USA,urine,0.0,1.0,1.0,1.0
SRR3996261,2013,2013,PDT000143096.4,USA,urine,0.0,1.0,1.0,1.0
SRR3996262,2013,2013,PDT000143097.5,USA,urine,0.0,1.0,1.0,0.0
SRR3996265,2013,2013,PDT000143100.4,USA,urine,0.0,0.0,1.0,0.0
SRR3996266,2013,2013,PDT000143101.4,USA,urine,0.0,0.0,,0.0
SRR3996268,2013,2013,PDT000143103.4,USA,urine,0.0,0.0,1.0,0.0
SRR3996270,2013,2013,PDT000143105.4,USA,urine,0.0,,1.0,0.0
SRR4017809,2013,2013,PDT000143903.4,USA,urine,0.0,0.0,1.0,0.0
SRR4017810,2013,2013,PDT000143904.9,USA,urine,0.0,0.0,1.0,0.0
SRR4017811,2013,2013,PDT000143905.5,USA,urine,0.0,1.0,1.0,1.0
SRR4017813,2013,2013,PDT000143907.5,USA,urine,0.0,1.0,1.0,1.0
SRR4017820,2013,2013,PDT000143914.4,USA,urine,0.0,1.0,1.0,0.0
SRR4017821,2013,2013,PDT000143915.4,USA,urine,0.0,0.0,1.0,0.0
SRR4017822,2013,2013,PDT000143916.4,USA,Fluid_Pleural,0.0,0.0,1.0,0.0
SRR4017823,2013,2013,PDT000143917.4,USA,urine,0.0,0.0,1.0,0.0
SRR4017825,2013,2013,PDT000143919.5,USA,urine,0.0,1.0,1.0,
SRR4017826,2013,2013,PDT000143920.5,USA,Fluid_Synovial,0.0,1.0,1.0,1.0
SRR4017827,2013,2013,PDT000143921.5,USA,blood,1.0,1.0,1.0,1.0
SRR4017828,2013,2013,PDT000143922.5,USA,urine,,1.0,1.0,1.0
SRR4017829,2013,2013,PDT000143923.5,USA,urine,,1.0,1.0,1.0
SRR4017830,2013,2013,PDT000143924.5,USA,urine,,1.0,1.0,1.0
SRR4017831,2013,2013,PDT000143925.5,USA,urine,,1.0,1.0,1.0
SRR4017833,2013,2013,PDT000143927.5,USA,urine,0.0,1.0,1.0,1.0
SRR4017834,2013,2013,PDT000143928.5,USA,urine,0.0,1.0,1.0,1.0
SRR4017835,2013,2013,PDT000143929.5,USA,urine,,1.0,1.0,1.0
SRR5385428,2013,2013,PDT000874571.1,USA: Houston,urine,,,0.0,
SRR5385701,2013,2013,PDT000874761.1,USA: Houston,respiratory,,,0.0,
SRR5385706,2013,2013,PDT000874766.1,USA: Houston,respiratory,,,1.0,
SRR5385729,2013,2013,PDT000874789.1,USA: Houston,urine,,,1.0,
SRR5385777,2013,2013,PDT000874837.1,USA: Houston,urine,,,1.0,
SRR5385780,2013,2013,PDT000874840.1,USA: Houston,urine,,,1.0,
SRR5385782,2013,2013,PDT000874842.1,USA: Houston,urine,,,1.0,
SRR5385785,2013,2013,PDT000874845.1,USA: Houston,urine,,,1.0,
SRR5385798,2013,2013,PDT000874858.1,USA: Houston,urine,,,1.0,
SRR5385800,2013,2013,PDT000874860.1,USA: Houston,urine,,,1.0,
SRR5385801,2013,2013,PDT000874861.1,USA: Houston,urine,,,1.0,
SRR5385807,2013,2013,PDT000874867.1,USA: Houston,respiratory,,,1.0,
SRR5385808,2013,2013,PDT000874868.1,USA: Houston,respiratory,,,1.0,
SRR5385886,2013,2013,PDT000874946.1,USA: Houston,respiratory,,,1.0,
SRR5385892,2013,2013,PDT000874952.1,USA: Houston,bile,,,0.0,
SRR5385920,2013,2013,PDT000874980.1,USA: Houston,urine,,,1.0,
SRR5385928,2013,2013,PDT000874988.1,USA: Houston,blood,,,1.0,
SRR5386466,2013,2013,PDT000875544.1,USA: Houston,blood,,,1.0,
SRR5386469,2013,2013,PDT000875547.1,USA: Houston,urine,,,1.0,
SRR5386479,2013,2013,PDT000875557.1,USA: Houston,blood,,,1.0,
SRR5386481,2013,2013,PDT000875559.1,USA: Houston,ULCER,,,1.0,
SRR5386529,2013,2013,PDT000875607.1,USA: Houston,PUS,,,1.0,
SRR5386544,2013,2013,PDT000875622.1,USA: Houston,urine,,,1.0,
SRR5386572,2013,2013,PDT000875649.1,USA: Houston,blood,,,0.0,
SRR5386588,2013,2013,PDT000875665.1,USA: Houston,respiratory,,,1.0,
SRR5386995,2013,2013,PDT000876034.1,USA: Houston,urine,,,1.0,
SRR5387027,2013,2013,PDT000876066.1,USA: Houston,urine,,,0.0,
SRR5387031,2013,2013,PDT000876070.1,USA: Houston,urine,,,0.0,
SRR5387035,2013,2013,PDT000876074.1,USA: Houston,urine,,,0.0,
SRR3221683,2013,2013,PDT001230706.1,USA: Pennsylvania,Peritoneal Fluid,0.0,0.0,,
SRR3185097,2014,2014,PDT000111520.2,"USA:Maryland,Bethesa",SURVEILLANCE,0.0,1.0,1.0,1.0
SRR3222204,2014,2014,PDT000130442.2,USA: Connecticut,sputum,1.0,1.0,,1.0
SRR3222424,2014,2014,PDT000130450.2,USA: Alabama,sputum,0.0,1.0,,1.0
SRR3222446,2014,2014,PDT000130451.2,USA: Alabama,sputum,0.0,1.0,,1.0
SRR3222447,2014,2014,PDT000130452.2,USA: Alabama,,0.0,1.0,,1.0
SRR4017836,2014,2014,PDT000143930.5,USA,urine,,1.0,1.0,1.0
SRR4017837,2014,2014,PDT000143931.5,USA,urine,0.0,0.0,1.0,1.0
SRR4017840,2014,2014,PDT000143934.5,USA,urine,,1.0,1.0,1.0
SRR4017841,2014,2014,PDT000143935.5,USA,urine,0.0,1.0,1.0,
SRR4017842,2014,2014,PDT000143936.5,USA,urine,0.0,1.0,1.0,1.0
SRR4017843,2014,2014,PDT000143937.5,USA,urine,0.0,1.0,1.0,1.0
SRR4017844,2014,2014,PDT000143938.5,USA,urine,1.0,1.0,1.0,1.0
SRR4017846,2014,2014,PDT000143940.5,USA,urine,,1.0,1.0,0.0
SRR4017847,2014,2014,PDT000143941.5,USA,urine,0.0,1.0,1.0,1.0
SRR4017848,2014,2014,PDT000143942.5,USA,urine,1.0,1.0,1.0,1.0
SRR4017849,2014,2014,PDT000143943.5,USA,blood,0.0,0.0,1.0,1.0
SRR4017850,2014,2014,PDT000143944.5,USA,blood,,1.0,1.0,1.0
SRR4017851,2014,2014,PDT000143945.5,USA,urine,0.0,1.0,1.0,1.0
SRR4017852,2014,2014,PDT000143946.5,USA,urine,,1.0,1.0,1.0
SRR4017854,2014,2014,PDT000143948.5,USA,urine,0.0,1.0,1.0,
SRR4017855,2014,2014,PDT000143952.4,USA,urine,0.0,0.0,1.0,0.0
SRR4017856,2014,2014,PDT000143953.5,USA,urine,0.0,1.0,1.0,1.0
SRR4017880,2014,2014,PDT000143956.4,USA,urine,0.0,0.0,1.0,0.0
SRR4017881,2014,2014,PDT000143957.4,USA,urine,0.0,0.0,1.0,1.0
SRR4017882,2014,2014,PDT000143958.4,USA,urine,0.0,0.0,1.0,0.0
SRR4017883,2014,2014,PDT000143959.4,USA,urine,0.0,0.0,1.0,0.0
SRR4017885,2014,2014,PDT000143961.5,USA,urine,0.0,1.0,1.0,1.0
SRR4017887,2014,2014,PDT000143963.5,USA,urine,0.0,0.0,0.0,0.0
SRR4017890,2014,2014,PDT000143966.5,USA,blood,,1.0,1.0,1.0
SRR4017892,2014,2014,PDT000143968.5,USA,urine,1.0,1.0,1.0,1.0
SRR4017893,2014,2014,PDT000143969.5,USA,urine,0.0,1.0,1.0,1.0
SRR4017894,2014,2014,PDT000143970.5,USA,blood,1.0,1.0,1.0,1.0
SRR4017895,2014,2014,PDT000143971.5,USA,urine,,1.0,1.0,1.0
SRR4017897,2014,2014,PDT000143973.5,USA,urine,0.0,0.0,1.0,1.0
SRR4017898,2014,2014,PDT000143974.5,USA,blood,,1.0,1.0,1.0
SRR4017902,2014,2014,PDT000143978.5,USA,urine,,1.0,1.0,1.0
SRR4017906,2014,2014,PDT000143982.5,USA,urine,0.0,1.0,1.0,1.0
SRR4017908,2014,2014,PDT000143984.4,USA,urine,0.0,0.0,1.0,0.0
SRR4017909,2014,2014,PDT000143985.4,USA,urine,0.0,1.0,1.0,0.0
SRR4017914,2014,2014,PDT000143990.4,USA,urine,0.0,0.0,,1.0
SRR4017915,2014,2014,PDT000143991.5,USA,blood,0.0,1.0,1.0,1.0
SRR4017916,2014,2014,PDT000143992.5,USA,urine,,1.0,1.0,1.0
SRR4017918,2014,2014,PDT000143994.5,USA,urine,0.0,1.0,1.0,1.0
SRR4017919,2014,2014,PDT000143995.5,USA,urine,0.0,1.0,1.0,1.0
SRR4017920,2014,2014,PDT000143996.3,USA,blood,1.0,1.0,1.0,
SRR4017921,2014,2014,PDT000143997.5,USA,urine,0.0,1.0,1.0,1.0
SRR4017922,2014,2014,PDT000143998.5,USA,urine,0.0,1.0,1.0,1.0
SRR4017923,2014,2014,PDT000143999.5,USA,urine,,1.0,0.0,0.0
SRR4017924,2014,2014,PDT000144000.5,USA,urine,,1.0,1.0,1.0
SRR4017925,2014,2014,PDT000144001.5,USA,blood,0.0,0.0,1.0,1.0
SRR4017927,2014,2014,PDT000144003.5,USA,urine,,1.0,1.0,1.0
SRR4017928,2014,2014,PDT000144004.5,USA,urine,0.0,1.0,1.0,1.0
SRR4017929,2014,2014,PDT000144005.5,USA,urine,0.0,1.0,1.0,0.0
SRR4035114,2014,2014,PDT000144550.5,USA,urine,0.0,1.0,1.0,0.0
SRR4035115,2014,2014,PDT000144551.5,USA,urine,0.0,1.0,1.0,1.0
SRR4035116,2014,2014,PDT000144552.5,USA,urine,0.0,1.0,1.0,1.0
SRR4035118,2014,2014,PDT000144554.5,USA,urine,,1.0,1.0,1.0
SRR4035123,2014,2014,PDT000144559.5,USA,urine,0.0,1.0,1.0,1.0
SRR4035124,2014,2014,PDT000144560.5,USA,urine,0.0,1.0,1.0,1.0
SRR4035125,2014,2014,PDT000144561.5,USA,urine,,1.0,1.0,1.0
SRR4035126,2014,2014,PDT000144562.5,USA,urine,0.0,1.0,1.0,1.0
SRR4065635,2014,2014,PDT000145812.5,USA,urine,1.0,1.0,1.0,
SRR4065636,2014,2014,PDT000145813.4,USA,urine,0.0,0.0,1.0,0.0
SRR4065637,2014,2014,PDT000145814.5,USA,urine,0.0,1.0,1.0,1.0
SRR4065638,2014,2014,PDT000145815.5,USA,blood,0.0,1.0,1.0,1.0
SRR4065639,2014,2014,PDT000145816.5,USA,blood,0.0,1.0,1.0,1.0
SRR4065640,2014,2014,PDT000145817.5,USA,urine,0.0,1.0,1.0,1.0
SRR4065641,2014,2014,PDT000145818.5,USA,Fluid_Ascitic,0.0,1.0,1.0,1.0
SRR4065646,2014,2014,PDT000145823.5,USA,urine,,1.0,1.0,1.0
SRR4065647,2014,2014,PDT000145824.5,USA,urine,,1.0,1.0,1.0
SRR4065651,2014,2014,PDT000145828.4,USA,blood,0.0,,1.0,0.0
SRR4065652,2014,2014,PDT000145829.5,USA,urine,,1.0,1.0,1.0
SRR4065653,2014,2014,PDT000145830.5,USA,urine,,1.0,1.0,1.0
SRR4065663,2014,2014,PDT000145832.5,USA,urine,0.0,1.0,1.0,1.0
SRR4065664,2014,2014,PDT000145833.5,USA,urine,0.0,0.0,0.0,0.0
SRR4065667,2014,2014,PDT000145836.4,USA,urine,0.0,,1.0,
SRR4065668,2014,2014,PDT000145837.5,USA,urine,0.0,1.0,1.0,1.0
SRR4065670,2014,2014,PDT000145839.9,USA,urine,0.0,1.0,1.0,
SRR4065671,2014,2014,PDT000145840.4,USA,urine,0.0,0.0,1.0,0.0
SRR4065673,2014,2014,PDT000145842.9,USA,urine,0.0,0.0,1.0,0.0
SRR4065678,2014,2014,PDT000145847.5,USA,urine,0.0,1.0,1.0,1.0
SRR4065679,2014,2014,PDT000145848.5,USA,urine,0.0,0.0,1.0,1.0
SRR4065680,2014,2014,PDT000145849.5,USA,urine,,1.0,1.0,1.0
SRR4065689,2014,2014,PDT000145850.5,USA,blood,0.0,1.0,1.0,1.0
SRR4065698,2014,2014,PDT000145851.5,USA,urine,0.0,1.0,1.0,
SRR4065699,2014,2014,PDT000145852.5,USA,urine,,1.0,1.0,1.0
SRR4065700,2014,2014,PDT000145853.5,USA,urine,0.0,1.0,1.0,1.0
SRR4065702,2014,2014,PDT000145855.5,USA,urine,,1.0,1.0,1.0
SRR4065707,2014,2014,PDT000145881.4,USA,urine,0.0,0.0,1.0,0.0
SRR4069213,2014,2014,PDT000145884.4,USA,urine,0.0,0.0,1.0,0.0
SRR4069215,2014,2014,PDT000145886.2,USA,urine,0.0,0.0,1.0,0.0
SRR4069216,2014,2014,PDT000145887.4,USA,urine,0.0,0.0,0.0,0.0
SRR5385636,2014,2014,PDT000874696.1,USA: Houston,urine,,,1.0,
SRR5385962,2014,2014,PDT000875021.1,USA: Houston,urine,,,1.0,
SRR5385968,2014,2014,PDT000875027.1,USA: Houston,respiratory,,,1.0,
SRR5385969,2014,2014,PDT000875028.1,USA: Houston,urine,,,1.0,
SRR5385980,2014,2014,PDT000875039.1,USA: Houston,urine,,,1.0,
SRR5385985,2014,2014,PDT000875044.1,USA: Houston,urine,,,1.0,
SRR5385991,2014,2014,PDT000875050.1,USA: Houston,respiratory,,,1.0,
SRR5385999,2014,2014,PDT000875058.1,USA: Houston,urine,,,1.0,
SRR5386004,2014,2014,PDT000875063.1,USA: Houston,respiratory,,,1.0,
SRR5386006,2014,2014,PDT000875065.1,USA: Houston,respiratory,,,1.0,
SRR5386039,2014,2014,PDT000875081.1,USA: Houston,urine,,,1.0,
SRR5386099,2014,2014,PDT000875139.1,USA: Houston,urine,,,1.0,
SRR5386101,2014,2014,PDT000875141.1,USA: Houston,urine,,,0.0,
SRR5386102,2014,2014,PDT000875142.1,USA: Houston,urine,,,1.0,
SRR5386111,2014,2014,PDT000875151.1,USA: Houston,urine,,,1.0,
SRR5386112,2014,2014,PDT000875152.1,USA: Houston,bile,,,1.0,
SRR5386114,2014,2014,PDT000875154.1,USA: Houston,urine,,,1.0,
SRR5386122,2014,2014,PDT000875162.1,USA: Houston,urine,,,1.0,
SRR5386123,2014,2014,PDT000875163.1,USA: Houston,ULCER,,,1.0,
SRR5386142,2014,2014,PDT000875224.1,USA: Houston,blood,,,1.0,
SRR5386144,2014,2014,PDT000875226.1,USA: Houston,respiratory,,,0.0,
SRR5386151,2014,2014,PDT000875233.1,USA: Houston,urine,,,1.0,
SRR5386152,2014,2014,PDT000875234.1,USA: Houston,respiratory,,,1.0,
SRR5386155,2014,2014,PDT000875237.1,USA: Houston,respiratory,,,1.0,
SRR5386614,2014,2014,PDT000875681.1,USA: Houston,urine,,,1.0,
SRR5386638,2014,2014,PDT000875705.1,USA: Houston,blood,,,1.0,
SRR5386646,2014,2014,PDT000875713.1,USA: Houston,ABSCESS,,,1.0,
SRR5386649,2014,2014,PDT000875716.1,USA: Houston,urine,,,1.0,
SRR5386661,2014,2014,PDT000875728.1,USA: Houston,urine,,,1.0,
SRR5386686,2014,2014,PDT000875753.1,USA: Houston,respiratory,,,1.0,
SRR5386697,2014,2014,PDT000875762.1,USA: Houston,urine,,,1.0,
SRR5386709,2014,2014,PDT000875774.1,USA: Houston,respiratory,,,0.0,
SRR5386742,2014,2014,PDT000875793.1,USA: Houston,urine,,,1.0,
SRR5386766,2014,2014,PDT000875817.1,USA: Houston,urine,,,1.0,
SRR5386778,2014,2014,PDT000875829.1,USA: Houston,urine,,,1.0,
SRR5386811,2014,2014,PDT000875862.1,USA: Houston,urine,,,1.0,
SRR5386830,2014,2014,PDT000875881.1,USA: Houston,urine,,,1.0,
SRR5386839,2014,2014,PDT000875890.1,USA: Houston,blood,,,1.0,
SRR5386925,2014,2014,PDT000875969.1,USA: Houston,urine,,,1.0,
SRR5386927,2014,2014,PDT000875971.1,USA: Houston,blood,,,1.0,
SRR5386930,2014,2014,PDT000875974.1,USA: Houston,urine,,,1.0,
SRR5386936,2014,2014,PDT000875980.1,USA: Houston,wound,,,1.0,
SRR5386946,2014,2014,PDT000875990.1,USA: Houston,urine,,,1.0,
SRR5386965,2014,2014,PDT000876009.1,USA: Houston,urine,,,1.0,
SRR5386977,2014,2014,PDT000876021.1,USA: Houston,urine,,,1.0,
SRR5387355,2014,2014,PDT000876282.1,USA: Houston,urine,,,1.0,
SRR5387362,2014,2014,PDT000876289.1,USA: Houston,urine,,,1.0,
SRR5387364,2014,2014,PDT000876291.1,USA: Houston,urine,,,1.0,
SRR5387375,2014,2014,PDT000876302.1,USA: Houston,urine,,,0.0,
SRR5387394,2014,2014,PDT000876321.1,USA: Houston,respiratory,,,0.0,
SRR5387395,2014,2014,PDT000876322.1,USA: Houston,HWARE,,,1.0,
SRR5387423,2014,2014,PDT000876350.1,USA: Houston,urine,,,1.0,
SRR5387162,2015,2015,PDT000876089.1,USA: Houston,respiratory,,,1.0,
SRR5387175,2015,2015,PDT000876102.1,USA: Houston,urine,,,1.0,
SRR5387184,2015,2015,PDT000876111.1,USA: Houston,blood,,,0.0,
SRR5387213,2015,2015,PDT000876140.1,USA: Houston,ULCER,,,1.0,
SRR5387279,2015,2015,PDT000876206.1,USA: Houston,wound,,,1.0,
SRR5387280,2015,2015,PDT000876207.1,USA: Houston,wound,,,1.0,
SRR5387289,2015,2015,PDT000876216.1,USA: Houston,blood,,,0.0,
SRR3618629,2016,2016,PDT000133653.2,USA:Boston,abscess,0.0,1.0,1.0,1.0
SRR5973256,2017,2017,PDT000431355.1,USA: Houston,urine,,,0.0,
SRR5973257,2017,2017,PDT000431356.1,USA: Houston,urine,,,0.0,
SRR5973258,2017,2017,PDT000431357.1,USA: Houston,urine,,,0.0,
SRR5973260,2017,2017,PDT000431359.1,USA: Houston,TISSU,,,0.0,
SRR5973261,2017,2017,PDT000431360.1,USA: Houston,urine,,,0.0,
SRR5973262,2017,2017,PDT000431361.1,USA: Houston,urine,,,0.0,
SRR5973263,2017,2017,PDT000431362.1,USA: Houston,urine,,,1.0,
SRR5973264,2017,2017,PDT000431363.1,USA: Houston,urine,,,0.0,
SRR5973271,2017,2017,PDT000431370.1,USA: Houston,SPUTM,,,1.0,
SRR5973277,2017,2017,PDT000431376.1,USA: Houston,urine,,,0.0,
SRR5973278,2017,2017,PDT000431377.1,USA: Houston,urine,,,0.0,
SRR5973292,2017,2017,PDT000431391.1,USA: Houston,DRAIN,,,1.0,
SRR5973295,2017,2017,PDT000431394.1,USA: Houston,urine,,,0.0,
SRR5973296,2017,2017,PDT000431395.1,USA: Houston,urine,,,0.0,
SRR5973300,2017,2017,PDT000431399.1,USA: Houston,urine,,,0.0,
SRR5973301,2017,2017,PDT000431400.1,USA: Houston,urine,,,0.0,
SRR5973302,2017,2017,PDT000431401.1,USA: Houston,urine,,,0.0,
SRR5973303,2017,2017,PDT000431402.1,USA: Houston,urine,,,0.0,
SRR5973304,2017,2017,PDT000431403.1,USA: Houston,urine,,,0.0,
SRR5973305,2017,2017,PDT000431404.1,USA: Houston,urine,,,0.0,
SRR5973306,2017,2017,PDT000431405.1,USA: Houston,urine,,,0.0,
SRR5973307,2017,2017,PDT000431406.1,USA: Houston,blood,,,0.0,
SRR5973308,2017,2017,PDT000431407.1,USA: Houston,urine,,,0.0,
SRR5973309,2017,2017,PDT000431408.1,USA: Houston,urine,,,0.0,
SRR5973310,2017,2017,PDT000431409.1,USA: Houston,urine,,,0.0,
SRR5973311,2017,2017,PDT000431410.1,USA: Houston,urine,,,0.0,
SRR5973314,2017,2017,PDT000431413.1,USA: Houston,urine,,,0.0,
SRR5973325,2017,2017,PDT000431424.1,USA: Houston,blood,,,0.0,
SRR5973326,2017,2017,PDT000431425.1,USA: Houston,urine,,,0.0,
SRR5973327,2017,2017,PDT000431426.1,USA: Houston,urine,,,0.0,
SRR5973328,2017,2017,PDT000431427.1,USA: Houston,urine,,,0.0,
SRR5973330,2017,2017,PDT000431429.1,USA: Houston,urine,,,0.0,
SRR5973331,2017,2017,PDT000431430.1,USA: Houston,urine,,,0.0,
SRR5973332,2017,2017,PDT000431431.1,USA: Houston,urine,,,0.0,
SRR5973333,2017,2017,PDT000431432.1,USA: Houston,LD,,,0.0,
SRR5973334,2017,2017,PDT000431433.1,USA: Houston,urine,,,0.0,
SRR5973346,2017,2017,PDT000431445.1,USA: Houston,ABSC,,,0.0,
SRR5973347,2017,2017,PDT000431446.1,USA: Houston,urine,,,0.0,
SRR5973348,2017,2017,PDT000431447.1,USA: Houston,blood,,,0.0,
SRR5973349,2017,2017,PDT000431448.1,USA: Houston,wound,,,0.0,
SRR5973350,2017,2017,PDT000431449.1,USA: Houston,urine,,,0.0,
SRR5973351,2017,2017,PDT000431450.1,USA: Houston,DRAIN,,,0.0,
SRR5973352,2017,2017,PDT000431451.1,USA: Houston,SPUTM,,,0.0,
SRR5973353,2017,2017,PDT000431452.1,USA: Houston,urine,,,0.0,
SRR5973354,2017,2017,PDT000431453.1,USA: Houston,urine,,,0.0,
SRR5973360,2017,2017,PDT000431459.1,USA: Houston,SPUTM,,,0.0,
SRR5973361,2017,2017,PDT000431460.1,USA: Houston,urine,,,1.0,
SRR5973362,2017,2017,PDT000431461.1,USA: Houston,urine,,,0.0,
SRR5973363,2017,2017,PDT000431462.1,USA: Houston,urine,,,0.0,
SRR5973364,2017,2017,PDT000431463.1,USA: Houston,EXUD,,,0.0,
SRR5973365,2017,2017,PDT000431464.1,USA: Houston,SPUTM,,,0.0,
SRR5973366,2017,2017,PDT000431465.1,USA: Houston,urine,,,0.0,
SRR5973367,2017,2017,PDT000431466.1,USA: Houston,urine,,,0.0,
SRR5973368,2017,2017,PDT000431467.1,USA: Houston,BRONW,,,0.0,
SRR5973370,2017,2017,PDT000431469.1,USA: Houston,urine,,,0.0,
SRR5973371,2017,2017,PDT000431470.1,USA: Houston,urine,,,0.0,
SRR5973372,2017,2017,PDT000431471.1,USA: Houston,urine,,,0.0,
SRR5973382,2017,2017,PDT000431481.1,USA: Houston,urine,,,0.0,
SRR5973383,2017,2017,PDT000431482.1,USA: Houston,urine,,,0.0,
SRR5973385,2017,2017,PDT000431484.1,USA: Houston,urine,,,0.0,
SRR5973386,2017,2017,PDT000431485.1,USA: Houston,bile,,,0.0,
SRR5973387,2017,2017,PDT000431486.1,USA: Houston,blood,,,0.0,
SRR5973389,2017,2017,PDT000431488.1,USA: Houston,urine,,,0.0,
SRR5973391,2017,2017,PDT000431490.1,USA: Houston,urine,,,0.0,
SRR5973392,2017,2017,PDT000431491.1,USA: Houston,urine,,,1.0,
SRR5973394,2017,2017,PDT000431493.1,USA: Houston,urine,,,1.0,
SRR5973402,2017,2017,PDT000431501.1,USA: Houston,urine,,,0.0,
SRR5973403,2017,2017,PDT000431502.1,USA: Houston,urine,,,0.0,
SRR5973406,2017,2017,PDT000431505.1,USA: Houston,urine,,,0.0,
SRR5973407,2017,2017,PDT000431506.1,USA: Houston,urine,,,0.0,
SRR5973408,2017,2017,PDT000431507.1,USA: Houston,urine,,,0.0,
SRR5973409,2017,2017,PDT000431508.1,USA: Houston,urine,,,0.0,
SRR5973410,2017,2017,PDT000431509.1,USA: Houston,urine,,,0.0,
SRR5973411,2017,2017,PDT000431510.1,USA: Houston,urine,,,0.0,
SRR10383451,2017,2017,PDT000724065.1,USA:Cincinnati,urine,0.0,0.0,1.0,0.0
SRR10383452,2017,2017,PDT000724066.1,USA:Cincinnati,urine,0.0,0.0,0.0,0.0
SRR10383455,2017,2017,PDT000724069.1,USA:Cincinnati,blood,0.0,0.0,0.0,0.0
SRR10383458,2017,2017,PDT000724072.1,USA:Cincinnati,urine,0.0,0.0,0.0,0.0
SRR29202186,2022,2022,PDT002188896.1,Canada:Ontario,Coconut meat [FOODON:00003856]; Ready-to-eat (RTE) [FOODON:03316636]; Food (chunks) [FOODON:00004555]; Food (frozen) [FOODON:03302148]; Retail environment [ENVO:01001448],,,,0.0
SRR29202187,2022,2022,PDT002188897.1,Canada:Ontario,Coconut meat [FOODON:00003856]; Ready-to-eat (RTE) [FOODON:03316636]; Food (chunks) [FOODON:00004555]; Food (frozen) [FOODON:03302148]; Retail environment [ENVO:01001448],,,,0.0
SRR32535790,2022,2022,PDT002650409.1,Brazil: Curitiba,blood,,1.0,1.0,1.0
SRR32535824,2022,2022,PDT002650443.1,Brazil: Curitiba,Hospital effluent,,0.0,1.0,0.0
SRR32535825,2022,2022,PDT002650444.1,Brazil: Curitiba,Hospital effluent,,0.0,1.0,0.0
SRR32535826,2022,2022,PDT002650445.1,Brazil: Curitiba,Hospital effluent,,1.0,1.0,1.0
SRR32535827,2022,2022,PDT002650446.1,Brazil: Curitiba,Hospital effluent,,1.0,1.0,1.0
SRR32535829,2022,2022,PDT002650448.1,Brazil: Curitiba,Hospital effluent,,1.0,1.0,1.0
